-- phpMyAdmin SQL Dump
-- version 5.0.2
-- https://www.phpmyadmin.net/
--
-- Host: 127.0.0.1
-- Generation Time: Jun 18, 2020 at 12:51 PM
-- Server version: 10.4.11-MariaDB
-- PHP Version: 7.4.6

SET SQL_MODE = "NO_AUTO_VALUE_ON_ZERO";
START TRANSACTION;
SET time_zone = "+00:00";


/*!40101 SET @OLD_CHARACTER_SET_CLIENT=@@CHARACTER_SET_CLIENT */;
/*!40101 SET @OLD_CHARACTER_SET_RESULTS=@@CHARACTER_SET_RESULTS */;
/*!40101 SET @OLD_COLLATION_CONNECTION=@@COLLATION_CONNECTION */;
/*!40101 SET NAMES utf8mb4 */;

--
-- Database: `ecommerce`
--

-- --------------------------------------------------------

--
-- Table structure for table `categories`
--

CREATE TABLE `categories` (
  `id` int(10) UNSIGNED NOT NULL,
  `parent_id` int(10) UNSIGNED DEFAULT NULL,
  `order` int(11) NOT NULL DEFAULT 1,
  `name` varchar(255) COLLATE utf8mb4_unicode_ci NOT NULL,
  `slug` varchar(255) COLLATE utf8mb4_unicode_ci NOT NULL,
  `created_at` timestamp NULL DEFAULT NULL,
  `updated_at` timestamp NULL DEFAULT NULL
) ENGINE=InnoDB DEFAULT CHARSET=utf8mb4 COLLATE=utf8mb4_unicode_ci;

--
-- Dumping data for table `categories`
--

INSERT INTO `categories` (`id`, `parent_id`, `order`, `name`, `slug`, `created_at`, `updated_at`) VALUES
(1, NULL, 1, 'Category 1', 'category-1', '2020-06-16 10:15:23', '2020-06-16 10:15:23'),
(2, NULL, 1, 'Category 2', 'category-2', '2020-06-16 10:15:23', '2020-06-16 10:15:23');

-- --------------------------------------------------------

--
-- Table structure for table `category`
--

CREATE TABLE `category` (
  `id` int(10) UNSIGNED NOT NULL,
  `name` varchar(255) COLLATE utf8mb4_unicode_ci NOT NULL,
  `slug` varchar(255) COLLATE utf8mb4_unicode_ci NOT NULL,
  `created_at` timestamp NULL DEFAULT NULL,
  `updated_at` timestamp NULL DEFAULT NULL
) ENGINE=InnoDB DEFAULT CHARSET=utf8mb4 COLLATE=utf8mb4_unicode_ci;

--
-- Dumping data for table `category`
--

INSERT INTO `category` (`id`, `name`, `slug`, `created_at`, `updated_at`) VALUES
(1, 'Laptops', 'laptops', '2020-06-16 10:15:19', '2020-06-16 10:15:19'),
(2, 'Desktops', 'desktops', '2020-06-16 10:15:19', '2020-06-16 10:15:19'),
(3, 'Mobile Phones', 'mobile-phones', '2020-06-16 10:15:19', '2020-06-16 10:15:19'),
(4, 'Tablets', 'tablets', '2020-06-16 10:15:19', '2020-06-16 10:15:19'),
(5, 'TVs', 'tvs', '2020-06-16 10:15:19', '2020-06-16 10:15:19'),
(6, 'Digital Cameras', 'digital-cameras', '2020-06-16 10:15:19', '2020-06-16 10:15:19'),
(7, 'Appliances', 'appliances', '2020-06-16 10:15:19', '2020-06-16 10:15:19');

-- --------------------------------------------------------

--
-- Table structure for table `category_product`
--

CREATE TABLE `category_product` (
  `id` int(10) UNSIGNED NOT NULL,
  `product_id` int(10) UNSIGNED DEFAULT NULL,
  `category_id` int(10) UNSIGNED DEFAULT NULL,
  `created_at` timestamp NULL DEFAULT NULL,
  `updated_at` timestamp NULL DEFAULT NULL
) ENGINE=InnoDB DEFAULT CHARSET=utf8mb4 COLLATE=utf8mb4_unicode_ci;

--
-- Dumping data for table `category_product`
--

INSERT INTO `category_product` (`id`, `product_id`, `category_id`, `created_at`, `updated_at`) VALUES
(1, 1, 1, NULL, NULL),
(2, 2, 1, NULL, NULL),
(3, 3, 1, NULL, NULL),
(4, 4, 1, NULL, NULL),
(5, 5, 1, NULL, NULL),
(6, 6, 1, NULL, NULL),
(7, 7, 1, NULL, NULL),
(8, 8, 1, NULL, NULL),
(9, 9, 1, NULL, NULL),
(10, 10, 1, NULL, NULL),
(11, 11, 1, NULL, NULL),
(12, 12, 1, NULL, NULL),
(13, 13, 1, NULL, NULL),
(14, 14, 1, NULL, NULL),
(15, 15, 1, NULL, NULL),
(16, 16, 1, NULL, NULL),
(17, 17, 1, NULL, NULL),
(18, 18, 1, NULL, NULL),
(19, 19, 1, NULL, NULL),
(20, 20, 1, NULL, NULL),
(21, 21, 1, NULL, NULL),
(22, 22, 1, NULL, NULL),
(23, 23, 1, NULL, NULL),
(24, 24, 1, NULL, NULL),
(25, 25, 1, NULL, NULL),
(26, 26, 1, NULL, NULL),
(27, 27, 1, NULL, NULL),
(28, 28, 1, NULL, NULL),
(29, 29, 1, NULL, NULL),
(30, 30, 1, NULL, NULL),
(31, 1, 2, NULL, NULL),
(50, 49, 4, NULL, NULL),
(51, 50, 4, NULL, NULL),
(52, 51, 4, NULL, NULL),
(53, 52, 4, NULL, NULL),
(54, 53, 4, NULL, NULL),
(55, 54, 4, NULL, NULL),
(56, 55, 4, NULL, NULL),
(57, 56, 4, NULL, NULL),
(58, 57, 4, NULL, NULL),
(59, 58, 5, NULL, NULL),
(60, 59, 5, NULL, NULL),
(61, 60, 5, NULL, NULL),
(62, 61, 5, NULL, NULL),
(63, 62, 5, NULL, NULL),
(64, 63, 5, NULL, NULL),
(65, 64, 5, NULL, NULL),
(66, 65, 5, NULL, NULL),
(67, 66, 5, NULL, NULL),
(69, 68, 6, NULL, NULL),
(70, 69, 6, NULL, NULL),
(71, 70, 6, NULL, NULL),
(72, 71, 6, NULL, NULL),
(73, 72, 6, NULL, NULL),
(74, 73, 6, NULL, NULL),
(75, 74, 6, NULL, NULL),
(76, 75, 6, NULL, NULL),
(77, 76, 7, NULL, NULL),
(78, 77, 7, NULL, NULL),
(79, 78, 7, NULL, NULL),
(80, 79, 7, NULL, NULL),
(81, 80, 7, NULL, NULL),
(82, 81, 7, NULL, NULL),
(83, 82, 7, NULL, NULL),
(84, 83, 7, NULL, NULL),
(85, 84, 7, NULL, NULL),
(87, 39, 2, '2020-06-17 12:32:49', '2020-06-17 12:32:49'),
(92, 67, 6, '2020-06-17 12:50:47', '2020-06-17 12:50:47'),
(94, 45, 3, '2020-06-18 01:58:22', '2020-06-18 01:58:22'),
(97, 43, 3, '2020-06-18 02:05:17', '2020-06-18 02:05:17'),
(98, 31, 2, '2020-06-18 02:08:03', '2020-06-18 02:08:03'),
(99, 32, 2, '2020-06-18 02:08:58', '2020-06-18 02:08:58'),
(100, 33, 2, '2020-06-18 02:09:29', '2020-06-18 02:09:29'),
(101, 34, 2, '2020-06-18 02:09:56', '2020-06-18 02:09:56'),
(102, 35, 2, '2020-06-18 02:10:27', '2020-06-18 02:10:27'),
(103, 36, 2, '2020-06-18 02:10:53', '2020-06-18 02:10:53'),
(104, 37, 2, '2020-06-18 02:12:24', '2020-06-18 02:12:24'),
(105, 38, 2, '2020-06-18 02:13:13', '2020-06-18 02:13:13'),
(106, 46, 3, '2020-06-18 02:57:05', '2020-06-18 02:57:05'),
(107, 47, 3, '2020-06-18 02:57:44', '2020-06-18 02:57:44'),
(108, 48, 3, '2020-06-18 02:58:19', '2020-06-18 02:58:19'),
(109, 44, 3, '2020-06-18 03:01:14', '2020-06-18 03:01:14'),
(110, 40, 3, '2020-06-18 03:02:24', '2020-06-18 03:02:24'),
(111, 42, 3, '2020-06-18 03:03:18', '2020-06-18 03:03:18'),
(112, 41, 3, '2020-06-18 03:04:14', '2020-06-18 03:04:14');

-- --------------------------------------------------------

--
-- Table structure for table `coupons`
--

CREATE TABLE `coupons` (
  `id` int(10) UNSIGNED NOT NULL,
  `code` varchar(255) COLLATE utf8mb4_unicode_ci NOT NULL,
  `type` varchar(255) COLLATE utf8mb4_unicode_ci NOT NULL,
  `value` int(11) DEFAULT NULL,
  `percent_off` int(11) DEFAULT NULL,
  `created_at` timestamp NULL DEFAULT NULL,
  `updated_at` timestamp NULL DEFAULT NULL
) ENGINE=InnoDB DEFAULT CHARSET=utf8mb4 COLLATE=utf8mb4_unicode_ci;

--
-- Dumping data for table `coupons`
--

INSERT INTO `coupons` (`id`, `code`, `type`, `value`, `percent_off`, `created_at`, `updated_at`) VALUES
(1, 'ABC123', 'fixed', 3000, NULL, '2020-06-16 10:15:20', '2020-06-16 10:15:20'),
(2, 'DEF456', 'percent', NULL, 50, '2020-06-16 10:15:20', '2020-06-16 10:15:20');

-- --------------------------------------------------------

--
-- Table structure for table `data_rows`
--

CREATE TABLE `data_rows` (
  `id` int(10) UNSIGNED NOT NULL,
  `data_type_id` int(10) UNSIGNED NOT NULL,
  `field` varchar(255) COLLATE utf8mb4_unicode_ci NOT NULL,
  `type` varchar(255) COLLATE utf8mb4_unicode_ci NOT NULL,
  `display_name` varchar(255) COLLATE utf8mb4_unicode_ci NOT NULL,
  `required` tinyint(1) NOT NULL DEFAULT 0,
  `browse` tinyint(1) NOT NULL DEFAULT 1,
  `read` tinyint(1) NOT NULL DEFAULT 1,
  `edit` tinyint(1) NOT NULL DEFAULT 1,
  `add` tinyint(1) NOT NULL DEFAULT 1,
  `delete` tinyint(1) NOT NULL DEFAULT 1,
  `details` text COLLATE utf8mb4_unicode_ci DEFAULT NULL,
  `order` int(11) NOT NULL DEFAULT 1
) ENGINE=InnoDB DEFAULT CHARSET=utf8mb4 COLLATE=utf8mb4_unicode_ci;

--
-- Dumping data for table `data_rows`
--

INSERT INTO `data_rows` (`id`, `data_type_id`, `field`, `type`, `display_name`, `required`, `browse`, `read`, `edit`, `add`, `delete`, `details`, `order`) VALUES
(1, 1, 'id', 'number', 'ID', 1, 0, 0, 0, 0, 0, '\"\"', 1),
(2, 1, 'author_id', 'text', 'Author', 1, 0, 1, 1, 0, 1, '\"\"', 2),
(3, 1, 'category_id', 'text', 'Category', 1, 0, 1, 1, 1, 0, '\"\"', 3),
(4, 1, 'title', 'text', 'Title', 1, 1, 1, 1, 1, 1, '\"\"', 4),
(5, 1, 'excerpt', 'text_area', 'excerpt', 1, 0, 1, 1, 1, 1, '\"\"', 5),
(6, 1, 'body', 'rich_text_box', 'Body', 1, 0, 1, 1, 1, 1, '\"\"', 6),
(7, 1, 'image', 'image', 'Post Image', 0, 1, 1, 1, 1, 1, '\"{\\\"resize\\\":{\\\"width\\\":\\\"1000\\\",\\\"height\\\":\\\"null\\\"},\\\"quality\\\":\\\"70%\\\",\\\"upsize\\\":true,\\\"thumbnails\\\":[{\\\"name\\\":\\\"medium\\\",\\\"scale\\\":\\\"50%\\\"},{\\\"name\\\":\\\"small\\\",\\\"scale\\\":\\\"25%\\\"},{\\\"name\\\":\\\"cropped\\\",\\\"crop\\\":{\\\"width\\\":\\\"300\\\",\\\"height\\\":\\\"250\\\"}}]}\"', 7),
(8, 1, 'slug', 'text', 'slug', 1, 0, 1, 1, 1, 1, '\"{\\\"slugify\\\":{\\\"origin\\\":\\\"title\\\",\\\"forceUpdate\\\":true}}\"', 8),
(9, 1, 'meta_description', 'text_area', 'meta_description', 1, 0, 1, 1, 1, 1, '\"\"', 9),
(10, 1, 'meta_keywords', 'text_area', 'meta_keywords', 1, 0, 1, 1, 1, 1, '\"\"', 10),
(11, 1, 'status', 'select_dropdown', 'status', 1, 1, 1, 1, 1, 1, '\"{\\\"default\\\":\\\"DRAFT\\\",\\\"options\\\":{\\\"PUBLISHED\\\":\\\"published\\\",\\\"DRAFT\\\":\\\"draft\\\",\\\"PENDING\\\":\\\"pending\\\"}}\"', 11),
(12, 1, 'created_at', 'timestamp', 'created_at', 0, 1, 1, 0, 0, 0, '\"\"', 12),
(13, 1, 'updated_at', 'timestamp', 'updated_at', 0, 0, 0, 0, 0, 0, '\"\"', 13),
(14, 2, 'id', 'number', 'id', 1, 0, 0, 0, 0, 0, '\"\"', 1),
(15, 2, 'author_id', 'text', 'author_id', 1, 0, 0, 0, 0, 0, '\"\"', 2),
(16, 2, 'title', 'text', 'title', 1, 1, 1, 1, 1, 1, '\"\"', 3),
(17, 2, 'excerpt', 'text_area', 'excerpt', 1, 0, 1, 1, 1, 1, '\"\"', 4),
(18, 2, 'body', 'rich_text_box', 'body', 1, 0, 1, 1, 1, 1, '\"\"', 5),
(19, 2, 'slug', 'text', 'slug', 1, 0, 1, 1, 1, 1, '\"{\\\"slugify\\\":{\\\"origin\\\":\\\"title\\\"}}\"', 6),
(20, 2, 'meta_description', 'text', 'meta_description', 1, 0, 1, 1, 1, 1, '\"\"', 7),
(21, 2, 'meta_keywords', 'text', 'meta_keywords', 1, 0, 1, 1, 1, 1, '\"\"', 8),
(22, 2, 'status', 'select_dropdown', 'status', 1, 1, 1, 1, 1, 1, '\"{\\\"default\\\":\\\"INACTIVE\\\",\\\"options\\\":{\\\"INACTIVE\\\":\\\"INACTIVE\\\",\\\"ACTIVE\\\":\\\"ACTIVE\\\"}}\"', 9),
(23, 2, 'created_at', 'timestamp', 'created_at', 1, 1, 1, 0, 0, 0, '\"\"', 10),
(24, 2, 'updated_at', 'timestamp', 'updated_at', 1, 0, 0, 0, 0, 0, '\"\"', 11),
(25, 2, 'image', 'image', 'image', 0, 1, 1, 1, 1, 1, '\"\"', 12),
(26, 3, 'id', 'number', 'id', 1, 0, 0, 0, 0, 0, '\"\"', 1),
(27, 3, 'name', 'text', 'name', 1, 1, 1, 1, 1, 1, '\"\"', 2),
(28, 3, 'email', 'text', 'email', 1, 1, 1, 1, 1, 1, '\"\"', 3),
(29, 3, 'password', 'password', 'password', 0, 0, 0, 1, 1, 0, '\"\"', 4),
(30, 3, 'user_belongsto_role_relationship', 'relationship', 'Role', 0, 1, 1, 1, 1, 0, '{\"model\":\"TCG\\\\Voyager\\\\Models\\\\Role\",\"table\":\"roles\",\"type\":\"belongsTo\",\"column\":\"role_id\",\"key\":\"id\",\"label\":\"display_name\",\"pivot_table\":\"roles\",\"pivot\":0}', 10),
(31, 3, 'remember_token', 'text', 'remember_token', 0, 0, 0, 0, 0, 0, '\"\"', 5),
(32, 3, 'created_at', 'timestamp', 'created_at', 0, 1, 1, 0, 0, 0, '\"\"', 6),
(33, 3, 'updated_at', 'timestamp', 'updated_at', 0, 0, 0, 0, 0, 0, '\"\"', 7),
(34, 3, 'avatar', 'image', 'avatar', 0, 1, 1, 1, 1, 1, '\"\"', 8),
(35, 5, 'id', 'number', 'id', 1, 0, 0, 0, 0, 0, '\"\"', 1),
(36, 5, 'name', 'text', 'name', 1, 1, 1, 1, 1, 1, '\"\"', 2),
(37, 5, 'created_at', 'timestamp', 'created_at', 0, 0, 0, 0, 0, 0, '\"\"', 3),
(38, 5, 'updated_at', 'timestamp', 'updated_at', 0, 0, 0, 0, 0, 0, '\"\"', 4),
(39, 4, 'id', 'number', 'id', 1, 0, 0, 0, 0, 0, '\"\"', 1),
(40, 4, 'parent_id', 'select_dropdown', 'parent_id', 0, 0, 1, 1, 1, 1, '\"{\\\"default\\\":\\\"\\\",\\\"null\\\":\\\"\\\",\\\"options\\\":{\\\"\\\":\\\"-- None --\\\"},\\\"relationship\\\":{\\\"key\\\":\\\"id\\\",\\\"label\\\":\\\"name\\\"}}\"', 2),
(41, 4, 'order', 'text', 'order', 1, 1, 1, 1, 1, 1, '\"{\\\"default\\\":1}\"', 3),
(42, 4, 'name', 'text', 'name', 1, 1, 1, 1, 1, 1, '\"\"', 4),
(43, 4, 'slug', 'text', 'slug', 1, 1, 1, 1, 1, 1, '\"{\\\"slugify\\\":{\\\"origin\\\":\\\"name\\\"}}\"', 5),
(44, 4, 'created_at', 'timestamp', 'created_at', 0, 0, 1, 0, 0, 0, '\"\"', 6),
(45, 4, 'updated_at', 'timestamp', 'updated_at', 0, 0, 0, 0, 0, 0, '\"\"', 7),
(46, 6, 'id', 'number', 'id', 1, 0, 0, 0, 0, 0, '\"\"', 1),
(47, 6, 'name', 'text', 'Name', 1, 1, 1, 1, 1, 1, '\"\"', 2),
(48, 6, 'created_at', 'timestamp', 'created_at', 0, 0, 0, 0, 0, 0, '\"\"', 3),
(49, 6, 'updated_at', 'timestamp', 'updated_at', 0, 0, 0, 0, 0, 0, '\"\"', 4),
(50, 6, 'display_name', 'text', 'Display Name', 1, 1, 1, 1, 1, 1, '\"\"', 5),
(51, 1, 'seo_title', 'text', 'seo_title', 0, 1, 1, 1, 1, 1, '\"\"', 14),
(52, 1, 'featured', 'checkbox', 'featured', 1, 1, 1, 1, 1, 1, '\"\"', 15),
(53, 3, 'role_id', 'text', 'role_id', 1, 1, 1, 1, 1, 1, '\"\"', 9),
(54, 3, 'user_belongstomany_role_relationship', 'relationship', 'Roles', 0, 1, 1, 1, 1, 0, '{\"model\":\"TCG\\\\Voyager\\\\Models\\\\Role\",\"table\":\"roles\",\"type\":\"belongsToMany\",\"column\":\"id\",\"key\":\"id\",\"label\":\"display_name\",\"pivot_table\":\"user_roles\",\"pivot\":\"1\",\"taggable\":\"0\"}', 11),
(55, 7, 'id', 'hidden', 'Id', 1, 1, 1, 1, 1, 0, '\"\"', 1),
(56, 7, 'name', 'text', 'name', 1, 1, 1, 1, 1, 1, '\"{\\\"validation\\\":{\\\"rule\\\":\\\"max:100\\\"}}\"', 2),
(57, 7, 'slug', 'text', 'slug', 1, 1, 1, 1, 1, 1, '\"\"', 3),
(58, 7, 'details', 'text', 'Details', 1, 1, 1, 1, 1, 1, '\"\"', 4),
(59, 7, 'price', 'number', 'price', 1, 1, 1, 1, 1, 1, '\"{\\\"validation\\\":{\\\"rule\\\":\\\"required|regex:\\/^\\\\\\\\d*(\\\\\\\\.\\\\\\\\d{1,2})?$\\/\\\"}}\"', 5),
(60, 7, 'description', 'rich_text_box', 'Description', 1, 1, 1, 1, 1, 1, '\"\"', 6),
(61, 7, 'featured', 'checkbox', 'Featured', 1, 1, 1, 1, 1, 1, '\"{\\\"on\\\":\\\"Yes\\\",\\\"off\\\":\\\"No\\\"}\"', 7),
(62, 7, 'image', 'image', 'Image', 1, 1, 1, 1, 1, 1, '\"{\\\"quality\\\":\\\"70%\\\",\\\"thumbnails\\\":[{\\\"name\\\":\\\"medium\\\",\\\"scale\\\":\\\"50%\\\"},{\\\"name\\\":\\\"small\\\",\\\"scale\\\":\\\"25%\\\"},{\\\"name\\\":\\\"cropped\\\",\\\"crop\\\":{\\\"width\\\":\\\"300\\\",\\\"height\\\":\\\"250\\\"}}]}\"', 8),
(63, 7, 'images', 'multiple_images', 'Images', 1, 1, 1, 1, 1, 1, '\"\"', 9),
(64, 7, 'created_at', 'timestamp', 'Created At', 1, 1, 1, 1, 1, 1, '\"\"', 10),
(65, 7, 'updated_at', 'timestamp', 'Updated At', 1, 1, 1, 1, 1, 1, '\"\"', 11),
(66, 7, 'quantity', 'number', 'Quantity', 1, 1, 1, 1, 1, 1, '\"\"', 8),
(67, 8, 'id', 'hidden', 'Id', 1, 1, 1, 0, 0, 0, '\"\"', 1),
(68, 8, 'code', 'text', 'code', 1, 1, 1, 1, 1, 1, '\"\"', 2),
(69, 8, 'type', 'select_dropdown', 'Type', 1, 1, 1, 1, 1, 1, '\"{\\\"default\\\":\\\"fixed\\\",\\\"options\\\":{\\\"fixed\\\":\\\"Fixed Value\\\",\\\"percent\\\":\\\"Percent Off\\\"}}\"', 3),
(70, 8, 'value', 'number', 'Value', 0, 1, 1, 1, 1, 1, '\"{\\\"null\\\":\\\"\\\"}\"', 4),
(71, 8, 'percent_off', 'number', 'Percent Off', 0, 1, 1, 1, 1, 1, '\"{\\\"null\\\":\\\"\\\"}\"', 5),
(72, 8, 'created_at', 'timestamp', 'Created At', 0, 0, 1, 0, 0, 0, '\"\"', 6),
(73, 8, 'updated_at', 'timestamp', 'Updated At', 0, 0, 1, 0, 0, 0, '\"\"', 7),
(74, 9, 'id', 'hidden', 'Id', 1, 1, 1, 0, 0, 0, '\"\"', 1),
(75, 9, 'name', 'text', 'Name', 1, 1, 1, 1, 1, 1, '\"\"', 2),
(76, 9, 'slug', 'text', 'Slug', 1, 1, 1, 1, 1, 1, '\"\"', 3),
(77, 9, 'created_at', 'timestamp', 'Created At', 0, 0, 0, 0, 0, 0, '\"\"', 4),
(78, 9, 'updated_at', 'timestamp', 'Updated At', 0, 0, 0, 0, 0, 0, '\"\"', 5),
(79, 10, 'id', 'hidden', 'Id', 1, 0, 0, 0, 0, 0, '\"\"', 1),
(80, 10, 'product_id', 'number', 'Product Id', 1, 1, 1, 1, 1, 1, '\"\"', 2),
(81, 10, 'category_id', 'number', 'Category Id', 1, 1, 1, 1, 1, 1, '\"\"', 3),
(82, 10, 'created_at', 'timestamp', 'Created At', 0, 0, 0, 0, 0, 0, '\"\"', 4),
(83, 10, 'updated_at', 'timestamp', 'Updated At', 0, 0, 0, 0, 0, 0, '\"\"', 5),
(84, 11, 'id', 'hidden', 'Id', 1, 1, 1, 0, 0, 0, '\"\"', 1),
(85, 11, 'user_id', 'number', 'User Id', 1, 1, 1, 0, 0, 0, '\"\"', 2),
(86, 11, 'billing_email', 'text', 'Billing Email', 1, 1, 1, 1, 1, 0, '\"\"', 3),
(87, 11, 'billing_name', 'text', 'Billing Name', 1, 1, 1, 1, 1, 0, '\"\"', 4),
(88, 11, 'billing_address', 'text', 'Billing Address', 1, 1, 1, 1, 1, 0, '\"\"', 5),
(89, 11, 'billing_city', 'text', 'Billing City', 1, 1, 1, 1, 1, 0, '\"\"', 6),
(90, 11, 'billing_province', 'text', 'Billing Province', 1, 0, 1, 1, 1, 0, '\"\"', 7),
(91, 11, 'billing_postalcode', 'text', 'Billing Postalcode', 1, 0, 1, 1, 1, 0, '\"\"', 8),
(92, 11, 'billing_phone', 'text', 'Billing Phone', 1, 0, 1, 1, 1, 0, '\"\"', 9),
(93, 11, 'billing_name_on_card', 'text', 'Billing Name On Card', 1, 1, 1, 1, 1, 0, '\"\"', 10),
(94, 11, 'billing_discount', 'number', 'Discount', 1, 1, 1, 0, 0, 0, '\"\"', 11),
(95, 11, 'billing_discount_code', 'text', 'Discount Code', 0, 0, 1, 0, 0, 0, '\"\"', 12),
(96, 11, 'billing_subtotal', 'number', 'Subtotal', 1, 1, 1, 0, 0, 0, '\"\"', 13),
(97, 11, 'billing_tax', 'number', 'Tax', 1, 1, 1, 0, 0, 0, '\"\"', 14),
(98, 11, 'billing_total', 'number', 'Total', 1, 1, 1, 0, 0, 0, '\"\"', 15),
(99, 11, 'payment_gateway', 'text', 'Payment Gateway', 1, 0, 1, 0, 0, 0, '\"\"', 16),
(100, 11, 'shipped', 'checkbox', 'Shipped', 1, 1, 1, 1, 0, 0, '\"{\\\"on\\\":\\\"Yes\\\",\\\"off\\\":\\\"No\\\"}\"', 17),
(101, 11, 'error', 'text', 'Error', 0, 1, 1, 0, 0, 0, '\"\"', 18),
(102, 11, 'created_at', 'timestamp', 'Created At', 0, 0, 0, 0, 0, 0, '\"\"', 19),
(103, 11, 'updated_at', 'timestamp', 'Updated At', 0, 0, 0, 0, 0, 0, '\"\"', 20);

-- --------------------------------------------------------

--
-- Table structure for table `data_types`
--

CREATE TABLE `data_types` (
  `id` int(10) UNSIGNED NOT NULL,
  `name` varchar(255) COLLATE utf8mb4_unicode_ci NOT NULL,
  `slug` varchar(255) COLLATE utf8mb4_unicode_ci NOT NULL,
  `display_name_singular` varchar(255) COLLATE utf8mb4_unicode_ci NOT NULL,
  `display_name_plural` varchar(255) COLLATE utf8mb4_unicode_ci NOT NULL,
  `icon` varchar(255) COLLATE utf8mb4_unicode_ci DEFAULT NULL,
  `model_name` varchar(255) COLLATE utf8mb4_unicode_ci DEFAULT NULL,
  `policy_name` varchar(255) COLLATE utf8mb4_unicode_ci DEFAULT NULL,
  `controller` varchar(255) COLLATE utf8mb4_unicode_ci DEFAULT NULL,
  `description` varchar(255) COLLATE utf8mb4_unicode_ci DEFAULT NULL,
  `generate_permissions` tinyint(1) NOT NULL DEFAULT 0,
  `server_side` tinyint(4) NOT NULL DEFAULT 0,
  `details` text COLLATE utf8mb4_unicode_ci DEFAULT NULL,
  `created_at` timestamp NULL DEFAULT NULL,
  `updated_at` timestamp NULL DEFAULT NULL
) ENGINE=InnoDB DEFAULT CHARSET=utf8mb4 COLLATE=utf8mb4_unicode_ci;

--
-- Dumping data for table `data_types`
--

INSERT INTO `data_types` (`id`, `name`, `slug`, `display_name_singular`, `display_name_plural`, `icon`, `model_name`, `policy_name`, `controller`, `description`, `generate_permissions`, `server_side`, `details`, `created_at`, `updated_at`) VALUES
(1, 'posts', 'posts', 'Post', 'Posts', 'voyager-news', 'TCG\\Voyager\\Models\\Post', 'TCG\\Voyager\\Policies\\PostPolicy', '', '', 1, 0, NULL, '2020-06-16 10:15:21', '2020-06-16 10:15:21'),
(2, 'pages', 'pages', 'Page', 'Pages', 'voyager-file-text', 'TCG\\Voyager\\Models\\Page', NULL, '', '', 1, 0, NULL, '2020-06-16 10:15:21', '2020-06-16 10:15:21'),
(3, 'users', 'users', 'User', 'Users', 'voyager-person', 'TCG\\Voyager\\Models\\User', 'TCG\\Voyager\\Policies\\UserPolicy', '\\App\\Http\\Controllers\\Voyager\\UsersController', '', 1, 0, NULL, '2020-06-16 10:15:21', '2020-06-16 10:15:21'),
(4, 'categories', 'categories', 'Category', 'Categories', 'voyager-categories', 'TCG\\Voyager\\Models\\Category', NULL, '', '', 1, 0, NULL, '2020-06-16 10:15:21', '2020-06-16 10:15:21'),
(5, 'menus', 'menus', 'Menu', 'Menus', 'voyager-list', 'TCG\\Voyager\\Models\\Menu', NULL, '', '', 1, 0, NULL, '2020-06-16 10:15:21', '2020-06-16 10:15:21'),
(6, 'roles', 'roles', 'Role', 'Roles', 'voyager-lock', 'TCG\\Voyager\\Models\\Role', NULL, '', '', 1, 0, NULL, '2020-06-16 10:15:21', '2020-06-16 10:15:21'),
(7, 'products', 'products', 'Product', 'Products', 'voyager-bag', 'App\\Product', NULL, '\\App\\Http\\Controllers\\Voyager\\ProductsController', '', 1, 1, NULL, '2020-06-16 10:15:23', '2020-06-16 10:15:23'),
(8, 'coupons', 'coupons', 'Coupon', 'Coupons', 'voyager-dollar', 'App\\Coupon', NULL, '', '', 1, 0, NULL, '2020-06-16 10:15:23', '2020-06-16 10:15:23'),
(9, 'category', 'category', 'Category', 'Categories', 'voyager-tag', 'App\\Category', NULL, '', '', 1, 0, NULL, '2020-06-16 10:15:23', '2020-06-16 10:15:23'),
(10, 'category-product', 'category-product', 'Category Product', 'Category Products', 'voyager-categories', 'App\\CategoryProduct', NULL, '', '', 1, 0, NULL, '2020-06-16 10:15:23', '2020-06-16 10:15:23'),
(11, 'orders', 'orders', 'Order', 'Orders', 'voyager-documentation', 'App\\Order', NULL, '\\App\\Http\\Controllers\\Voyager\\OrdersController', '', 1, 0, NULL, '2020-06-16 10:15:23', '2020-06-16 10:15:23');

-- --------------------------------------------------------

--
-- Table structure for table `menus`
--

CREATE TABLE `menus` (
  `id` int(10) UNSIGNED NOT NULL,
  `name` varchar(255) COLLATE utf8mb4_unicode_ci NOT NULL,
  `created_at` timestamp NULL DEFAULT NULL,
  `updated_at` timestamp NULL DEFAULT NULL
) ENGINE=InnoDB DEFAULT CHARSET=utf8mb4 COLLATE=utf8mb4_unicode_ci;

--
-- Dumping data for table `menus`
--

INSERT INTO `menus` (`id`, `name`, `created_at`, `updated_at`) VALUES
(1, 'admin', '2020-06-16 10:15:22', '2020-06-16 10:15:22'),
(2, 'main', '2020-06-16 10:15:23', '2020-06-16 10:15:23'),
(3, 'footer', '2020-06-16 10:15:24', '2020-06-16 10:15:24');

-- --------------------------------------------------------

--
-- Table structure for table `menu_items`
--

CREATE TABLE `menu_items` (
  `id` int(10) UNSIGNED NOT NULL,
  `menu_id` int(10) UNSIGNED DEFAULT NULL,
  `title` varchar(255) COLLATE utf8mb4_unicode_ci NOT NULL,
  `url` varchar(255) COLLATE utf8mb4_unicode_ci NOT NULL,
  `target` varchar(255) COLLATE utf8mb4_unicode_ci NOT NULL DEFAULT '_self',
  `icon_class` varchar(255) COLLATE utf8mb4_unicode_ci DEFAULT NULL,
  `color` varchar(255) COLLATE utf8mb4_unicode_ci DEFAULT NULL,
  `parent_id` int(11) DEFAULT NULL,
  `order` int(11) NOT NULL,
  `created_at` timestamp NULL DEFAULT NULL,
  `updated_at` timestamp NULL DEFAULT NULL,
  `route` varchar(255) COLLATE utf8mb4_unicode_ci DEFAULT NULL,
  `parameters` text COLLATE utf8mb4_unicode_ci DEFAULT NULL
) ENGINE=InnoDB DEFAULT CHARSET=utf8mb4 COLLATE=utf8mb4_unicode_ci;

--
-- Dumping data for table `menu_items`
--

INSERT INTO `menu_items` (`id`, `menu_id`, `title`, `url`, `target`, `icon_class`, `color`, `parent_id`, `order`, `created_at`, `updated_at`, `route`, `parameters`) VALUES
(1, 1, 'Dashboard', '', '_self', 'voyager-boat', NULL, NULL, 1, '2020-06-16 10:15:22', '2020-06-16 10:15:22', 'voyager.dashboard', NULL),
(2, 1, 'Media', '', '_self', 'voyager-images', NULL, NULL, 9, '2020-06-16 10:15:22', '2020-06-16 10:15:24', 'voyager.media.index', NULL),
(3, 1, 'Posts', '', '_self', 'voyager-news', NULL, NULL, 10, '2020-06-16 10:15:22', '2020-06-16 10:15:24', 'voyager.posts.index', NULL),
(4, 1, 'Users', '', '_self', 'voyager-person', NULL, NULL, 8, '2020-06-16 10:15:22', '2020-06-16 10:15:24', 'voyager.users.index', NULL),
(5, 1, 'Categories', '', '_self', 'voyager-categories', NULL, NULL, 14, '2020-06-16 10:15:22', '2020-06-16 10:15:24', 'voyager.categories.index', NULL),
(6, 1, 'Pages', '', '_self', 'voyager-file-text', NULL, NULL, 11, '2020-06-16 10:15:22', '2020-06-16 10:15:24', 'voyager.pages.index', NULL),
(7, 1, 'Roles', '', '_self', 'voyager-lock', NULL, NULL, 7, '2020-06-16 10:15:22', '2020-06-16 10:15:24', 'voyager.roles.index', NULL),
(8, 1, 'Tools', '', '_self', 'voyager-tools', NULL, NULL, 12, '2020-06-16 10:15:22', '2020-06-16 10:15:24', NULL, NULL),
(9, 1, 'Menu Builder', '', '_self', 'voyager-list', NULL, 8, 1, '2020-06-16 10:15:22', '2020-06-16 10:15:24', 'voyager.menus.index', NULL),
(10, 1, 'Database', '', '_self', 'voyager-data', NULL, 8, 2, '2020-06-16 10:15:22', '2020-06-16 10:15:24', 'voyager.database.index', NULL),
(11, 1, 'Compass', '', '_self', 'voyager-compass', NULL, 8, 3, '2020-06-16 10:15:22', '2020-06-16 10:15:24', 'voyager.compass.index', NULL),
(12, 1, 'Settings', '', '_self', 'voyager-settings', NULL, NULL, 13, '2020-06-16 10:15:22', '2020-06-16 10:15:24', 'voyager.settings.index', NULL),
(13, 1, 'Orders', '/admin/orders', '_self', 'voyager-documentation', NULL, NULL, 2, '2020-06-16 10:15:24', '2020-06-16 10:15:24', NULL, NULL),
(14, 1, 'Products', '/admin/products', '_self', 'voyager-bag', NULL, NULL, 3, '2020-06-16 10:15:24', '2020-06-16 10:15:24', NULL, NULL),
(15, 1, 'Categories', '/admin/category', '_self', 'voyager-tag', NULL, NULL, 4, '2020-06-16 10:15:24', '2020-06-16 10:15:24', NULL, NULL),
(16, 1, 'Coupons', '/admin/coupons', '_self', 'voyager-dollar', NULL, NULL, 5, '2020-06-16 10:15:24', '2020-06-16 10:15:24', NULL, NULL),
(17, 1, 'Category Products', '/admin/category-product', '_self', 'voyager-categories', NULL, NULL, 6, '2020-06-16 10:15:24', '2020-06-16 10:15:24', NULL, NULL),
(21, 3, 'Follow Me:', '', '_self', NULL, NULL, NULL, 1, '2020-06-16 10:15:24', '2020-06-16 10:15:24', NULL, NULL),
(22, 3, 'fa-globe', 'http://andremadarang.com', '_self', NULL, NULL, NULL, 2, '2020-06-16 10:15:24', '2020-06-16 10:15:24', NULL, NULL),
(23, 3, 'fa-youtube', 'http://youtube.com/drehimself', '_self', NULL, NULL, NULL, 2, '2020-06-16 10:15:24', '2020-06-16 10:15:24', NULL, NULL),
(24, 3, 'fa-github', 'http://github.com/drehimself', '_self', NULL, NULL, NULL, 2, '2020-06-16 10:15:24', '2020-06-16 10:15:24', NULL, NULL),
(25, 3, 'fa-twitter', 'http://twitter.com/drehimself', '_self', NULL, NULL, NULL, 2, '2020-06-16 10:15:24', '2020-06-16 10:15:24', NULL, NULL);

-- --------------------------------------------------------

--
-- Table structure for table `migrations`
--

CREATE TABLE `migrations` (
  `id` int(10) UNSIGNED NOT NULL,
  `migration` varchar(255) COLLATE utf8mb4_unicode_ci NOT NULL,
  `batch` int(11) NOT NULL
) ENGINE=InnoDB DEFAULT CHARSET=utf8mb4 COLLATE=utf8mb4_unicode_ci;

--
-- Dumping data for table `migrations`
--

INSERT INTO `migrations` (`id`, `migration`, `batch`) VALUES
(1, '2014_10_12_000000_create_users_table', 1),
(2, '2014_10_12_100000_create_password_resets_table', 1),
(3, '2016_01_01_000000_add_voyager_user_fields', 1),
(4, '2016_01_01_000000_create_data_types_table', 1),
(5, '2016_01_01_000000_create_pages_table', 1),
(6, '2016_01_01_000000_create_posts_table', 1),
(7, '2016_02_15_204651_create_categories_table', 1),
(8, '2016_05_19_173453_create_menu_table', 1),
(9, '2016_10_21_190000_create_roles_table', 1),
(10, '2016_10_21_190000_create_settings_table', 1),
(11, '2016_11_30_135954_create_permission_table', 1),
(12, '2016_11_30_141208_create_permission_role_table', 1),
(13, '2016_12_26_201236_data_types__add__server_side', 1),
(14, '2017_01_13_000000_add_route_to_menu_items_table', 1),
(15, '2017_01_14_005015_create_translations_table', 1),
(16, '2017_01_15_000000_add_permission_group_id_to_permissions_table', 1),
(17, '2017_01_15_000000_create_permission_groups_table', 1),
(18, '2017_01_15_000000_make_table_name_nullable_in_permissions_table', 1),
(19, '2017_03_06_000000_add_controller_to_data_types_table', 1),
(20, '2017_04_11_000000_alter_post_nullable_fields_table', 1),
(21, '2017_04_21_000000_add_order_to_data_rows_table', 1),
(22, '2017_07_05_210000_add_policyname_to_data_types_table', 1),
(23, '2017_08_05_000000_add_group_to_settings_table', 1),
(24, '2017_11_26_013050_add_user_role_relationship', 1),
(25, '2017_11_26_015000_create_user_roles_table', 1),
(26, '2017_12_11_054653_create_products_table', 1),
(27, '2018_01_11_060124_create_category_table', 1),
(28, '2018_01_11_060548_create_category_product_table', 1),
(29, '2018_01_14_215535_create_coupons_table', 1),
(30, '2018_02_08_021546_add_image_to_products_table', 1),
(31, '2018_02_08_032544_add_images_to_products_table', 1),
(32, '2018_02_25_005243_create_orders_table', 1),
(33, '2018_02_25_010522_create_order_product_table', 1),
(34, '2018_03_11_000000_add_user_settings', 1),
(35, '2018_03_14_000000_add_details_to_data_types_table', 1),
(36, '2018_03_16_000000_make_settings_value_nullable', 1),
(37, '2018_04_23_011947_add_user_role_relationship_fix', 1),
(38, '2018_04_23_012009_create_user_roles_table_fix', 1),
(39, '2018_06_29_032914_add_quantity_to_products_table', 1);

-- --------------------------------------------------------

--
-- Table structure for table `orders`
--

CREATE TABLE `orders` (
  `id` int(10) UNSIGNED NOT NULL,
  `user_id` int(10) UNSIGNED DEFAULT NULL,
  `billing_email` varchar(255) COLLATE utf8mb4_unicode_ci DEFAULT NULL,
  `billing_name` varchar(255) COLLATE utf8mb4_unicode_ci DEFAULT NULL,
  `billing_address` varchar(255) COLLATE utf8mb4_unicode_ci DEFAULT NULL,
  `billing_city` varchar(255) COLLATE utf8mb4_unicode_ci DEFAULT NULL,
  `billing_province` varchar(255) COLLATE utf8mb4_unicode_ci DEFAULT NULL,
  `billing_postalcode` varchar(255) COLLATE utf8mb4_unicode_ci DEFAULT NULL,
  `billing_phone` varchar(255) COLLATE utf8mb4_unicode_ci DEFAULT NULL,
  `billing_name_on_card` varchar(255) COLLATE utf8mb4_unicode_ci DEFAULT NULL,
  `billing_discount` int(11) NOT NULL DEFAULT 0,
  `billing_discount_code` varchar(255) COLLATE utf8mb4_unicode_ci DEFAULT NULL,
  `billing_subtotal` int(11) NOT NULL,
  `billing_tax` int(11) NOT NULL,
  `billing_total` int(11) NOT NULL,
  `payment_gateway` varchar(255) COLLATE utf8mb4_unicode_ci NOT NULL DEFAULT 'stripe',
  `shipped` tinyint(1) NOT NULL DEFAULT 0,
  `error` varchar(255) COLLATE utf8mb4_unicode_ci DEFAULT NULL,
  `created_at` timestamp NULL DEFAULT NULL,
  `updated_at` timestamp NULL DEFAULT NULL
) ENGINE=InnoDB DEFAULT CHARSET=utf8mb4 COLLATE=utf8mb4_unicode_ci;

--
-- Dumping data for table `orders`
--

INSERT INTO `orders` (`id`, `user_id`, `billing_email`, `billing_name`, `billing_address`, `billing_city`, `billing_province`, `billing_postalcode`, `billing_phone`, `billing_name_on_card`, `billing_discount`, `billing_discount_code`, `billing_subtotal`, `billing_tax`, `billing_total`, `payment_gateway`, `shipped`, `error`, `created_at`, `updated_at`) VALUES
(1, NULL, 'email@email.com', 'Fake Order', 'Fake Address', 'Fake City', 'Fake Province', 'L5B4U2', '9052145636', 'Fake Name on Card', 0, NULL, 12345, 1605, 13950, 'stripe', 0, NULL, '2020-06-16 10:15:20', '2020-06-16 10:15:20'),
(2, NULL, 'another@another.com', 'Fake Order 2', 'Fake Address 2', 'Fake City 2', 'Fake Province 2', 'L5B4U2', '9052145636', 'Fake Name on Card', 0, NULL, 12345, 1605, 13950, 'stripe', 0, 'Card was declined', '2020-06-16 10:15:21', '2020-06-16 10:15:21'),
(3, NULL, 'fake@fake.com', 'Fake Order 3', 'Fake Address 3', 'Fake City 3', 'Fake Province 3', 'L5B4U2', '9052145636', 'Fake Name on Card', 0, NULL, 12345, 1605, 13950, 'stripe', 1, NULL, '2020-06-16 10:15:21', '2020-06-16 10:15:21');

-- --------------------------------------------------------

--
-- Table structure for table `order_product`
--

CREATE TABLE `order_product` (
  `id` int(10) UNSIGNED NOT NULL,
  `order_id` int(10) UNSIGNED DEFAULT NULL,
  `product_id` int(10) UNSIGNED DEFAULT NULL,
  `quantity` int(10) UNSIGNED NOT NULL,
  `created_at` timestamp NULL DEFAULT NULL,
  `updated_at` timestamp NULL DEFAULT NULL
) ENGINE=InnoDB DEFAULT CHARSET=utf8mb4 COLLATE=utf8mb4_unicode_ci;

--
-- Dumping data for table `order_product`
--

INSERT INTO `order_product` (`id`, `order_id`, `product_id`, `quantity`, `created_at`, `updated_at`) VALUES
(1, 1, 1, 1, '2020-06-16 10:15:21', '2020-06-16 10:15:21'),
(2, 1, 2, 1, '2020-06-16 10:15:21', '2020-06-16 10:15:21'),
(3, 2, 3, 1, '2020-06-16 10:15:21', '2020-06-16 10:15:21'),
(4, 2, 4, 1, '2020-06-16 10:15:21', '2020-06-16 10:15:21'),
(5, 3, 5, 1, '2020-06-16 10:15:21', '2020-06-16 10:15:21'),
(6, 3, 6, 1, '2020-06-16 10:15:21', '2020-06-16 10:15:21');

-- --------------------------------------------------------

--
-- Table structure for table `pages`
--

CREATE TABLE `pages` (
  `id` int(10) UNSIGNED NOT NULL,
  `author_id` int(11) NOT NULL,
  `title` varchar(255) COLLATE utf8mb4_unicode_ci NOT NULL,
  `excerpt` text COLLATE utf8mb4_unicode_ci DEFAULT NULL,
  `body` text COLLATE utf8mb4_unicode_ci DEFAULT NULL,
  `image` varchar(255) COLLATE utf8mb4_unicode_ci DEFAULT NULL,
  `slug` varchar(255) COLLATE utf8mb4_unicode_ci NOT NULL,
  `meta_description` text COLLATE utf8mb4_unicode_ci DEFAULT NULL,
  `meta_keywords` text COLLATE utf8mb4_unicode_ci DEFAULT NULL,
  `status` enum('ACTIVE','INACTIVE') COLLATE utf8mb4_unicode_ci NOT NULL DEFAULT 'INACTIVE',
  `created_at` timestamp NULL DEFAULT NULL,
  `updated_at` timestamp NULL DEFAULT NULL
) ENGINE=InnoDB DEFAULT CHARSET=utf8mb4 COLLATE=utf8mb4_unicode_ci;

--
-- Dumping data for table `pages`
--

INSERT INTO `pages` (`id`, `author_id`, `title`, `excerpt`, `body`, `image`, `slug`, `meta_description`, `meta_keywords`, `status`, `created_at`, `updated_at`) VALUES
(1, 0, 'Hello World', 'Hang the jib grog grog blossom grapple dance the hempen jig gangway pressgang bilge rat to go on account lugger. Nelsons folly gabion line draught scallywag fire ship gaff fluke fathom case shot. Sea Legs bilge rat sloop matey gabion long clothes run a shot across the bow Gold Road cog league.', '<p>Hello World. Scallywag grog swab Cat o\'nine tails scuttle rigging hardtack cable nipper Yellow Jack. Handsomely spirits knave lad killick landlubber or just lubber deadlights chantey pinnace crack Jennys tea cup. Provost long clothes black spot Yellow Jack bilged on her anchor league lateen sail case shot lee tackle.</p>\n<p>Ballast spirits fluke topmast me quarterdeck schooner landlubber or just lubber gabion belaying pin. Pinnace stern galleon starboard warp carouser to go on account dance the hempen jig jolly boat measured fer yer chains. Man-of-war fire in the hole nipperkin handsomely doubloon barkadeer Brethren of the Coast gibbet driver squiffy.</p>', 'pages/page1.jpg', 'hello-world', 'Yar Meta Description', 'Keyword1, Keyword2', 'ACTIVE', '2020-06-16 10:15:23', '2020-06-16 10:15:23');

-- --------------------------------------------------------

--
-- Table structure for table `password_resets`
--

CREATE TABLE `password_resets` (
  `email` varchar(255) COLLATE utf8mb4_unicode_ci NOT NULL,
  `token` varchar(255) COLLATE utf8mb4_unicode_ci NOT NULL,
  `created_at` timestamp NULL DEFAULT NULL
) ENGINE=InnoDB DEFAULT CHARSET=utf8mb4 COLLATE=utf8mb4_unicode_ci;

-- --------------------------------------------------------

--
-- Table structure for table `permissions`
--

CREATE TABLE `permissions` (
  `id` int(10) UNSIGNED NOT NULL,
  `key` varchar(255) COLLATE utf8mb4_unicode_ci NOT NULL,
  `table_name` varchar(255) COLLATE utf8mb4_unicode_ci DEFAULT NULL,
  `created_at` timestamp NULL DEFAULT NULL,
  `updated_at` timestamp NULL DEFAULT NULL,
  `permission_group_id` int(10) UNSIGNED DEFAULT NULL
) ENGINE=InnoDB DEFAULT CHARSET=utf8mb4 COLLATE=utf8mb4_unicode_ci;

--
-- Dumping data for table `permissions`
--

INSERT INTO `permissions` (`id`, `key`, `table_name`, `created_at`, `updated_at`, `permission_group_id`) VALUES
(1, 'browse_admin', NULL, '2020-06-16 10:15:22', '2020-06-16 10:15:22', NULL),
(2, 'browse_bread', NULL, '2020-06-16 10:15:22', '2020-06-16 10:15:22', NULL),
(3, 'browse_database', NULL, '2020-06-16 10:15:22', '2020-06-16 10:15:22', NULL),
(4, 'browse_media', NULL, '2020-06-16 10:15:22', '2020-06-16 10:15:22', NULL),
(5, 'browse_compass', NULL, '2020-06-16 10:15:22', '2020-06-16 10:15:22', NULL),
(6, 'browse_menus', 'menus', '2020-06-16 10:15:22', '2020-06-16 10:15:22', NULL),
(7, 'read_menus', 'menus', '2020-06-16 10:15:22', '2020-06-16 10:15:22', NULL),
(8, 'edit_menus', 'menus', '2020-06-16 10:15:22', '2020-06-16 10:15:22', NULL),
(9, 'add_menus', 'menus', '2020-06-16 10:15:22', '2020-06-16 10:15:22', NULL),
(10, 'delete_menus', 'menus', '2020-06-16 10:15:22', '2020-06-16 10:15:22', NULL),
(11, 'browse_pages', 'pages', '2020-06-16 10:15:22', '2020-06-16 10:15:22', NULL),
(12, 'read_pages', 'pages', '2020-06-16 10:15:22', '2020-06-16 10:15:22', NULL),
(13, 'edit_pages', 'pages', '2020-06-16 10:15:22', '2020-06-16 10:15:22', NULL),
(14, 'add_pages', 'pages', '2020-06-16 10:15:22', '2020-06-16 10:15:22', NULL),
(15, 'delete_pages', 'pages', '2020-06-16 10:15:22', '2020-06-16 10:15:22', NULL),
(16, 'browse_roles', 'roles', '2020-06-16 10:15:22', '2020-06-16 10:15:22', NULL),
(17, 'read_roles', 'roles', '2020-06-16 10:15:22', '2020-06-16 10:15:22', NULL),
(18, 'edit_roles', 'roles', '2020-06-16 10:15:22', '2020-06-16 10:15:22', NULL),
(19, 'add_roles', 'roles', '2020-06-16 10:15:22', '2020-06-16 10:15:22', NULL),
(20, 'delete_roles', 'roles', '2020-06-16 10:15:22', '2020-06-16 10:15:22', NULL),
(21, 'browse_users', 'users', '2020-06-16 10:15:22', '2020-06-16 10:15:22', NULL),
(22, 'read_users', 'users', '2020-06-16 10:15:22', '2020-06-16 10:15:22', NULL),
(23, 'edit_users', 'users', '2020-06-16 10:15:22', '2020-06-16 10:15:22', NULL),
(24, 'add_users', 'users', '2020-06-16 10:15:22', '2020-06-16 10:15:22', NULL),
(25, 'delete_users', 'users', '2020-06-16 10:15:22', '2020-06-16 10:15:22', NULL),
(26, 'browse_posts', 'posts', '2020-06-16 10:15:22', '2020-06-16 10:15:22', NULL),
(27, 'read_posts', 'posts', '2020-06-16 10:15:22', '2020-06-16 10:15:22', NULL),
(28, 'edit_posts', 'posts', '2020-06-16 10:15:22', '2020-06-16 10:15:22', NULL),
(29, 'add_posts', 'posts', '2020-06-16 10:15:22', '2020-06-16 10:15:22', NULL),
(30, 'delete_posts', 'posts', '2020-06-16 10:15:22', '2020-06-16 10:15:22', NULL),
(31, 'browse_categories', 'categories', '2020-06-16 10:15:22', '2020-06-16 10:15:22', NULL),
(32, 'read_categories', 'categories', '2020-06-16 10:15:22', '2020-06-16 10:15:22', NULL),
(33, 'edit_categories', 'categories', '2020-06-16 10:15:22', '2020-06-16 10:15:22', NULL),
(34, 'add_categories', 'categories', '2020-06-16 10:15:22', '2020-06-16 10:15:22', NULL),
(35, 'delete_categories', 'categories', '2020-06-16 10:15:22', '2020-06-16 10:15:22', NULL),
(36, 'browse_settings', 'settings', '2020-06-16 10:15:22', '2020-06-16 10:15:22', NULL),
(37, 'read_settings', 'settings', '2020-06-16 10:15:22', '2020-06-16 10:15:22', NULL),
(38, 'edit_settings', 'settings', '2020-06-16 10:15:22', '2020-06-16 10:15:22', NULL),
(39, 'add_settings', 'settings', '2020-06-16 10:15:22', '2020-06-16 10:15:22', NULL),
(40, 'delete_settings', 'settings', '2020-06-16 10:15:22', '2020-06-16 10:15:22', NULL),
(41, 'browse_products', 'products', '2020-06-16 10:15:24', '2020-06-16 10:15:24', NULL),
(42, 'read_products', 'products', '2020-06-16 10:15:24', '2020-06-16 10:15:24', NULL),
(43, 'edit_products', 'products', '2020-06-16 10:15:24', '2020-06-16 10:15:24', NULL),
(44, 'add_products', 'products', '2020-06-16 10:15:24', '2020-06-16 10:15:24', NULL),
(45, 'delete_products', 'products', '2020-06-16 10:15:24', '2020-06-16 10:15:24', NULL),
(46, 'browse_coupons', 'coupons', '2020-06-16 10:15:24', '2020-06-16 10:15:24', NULL),
(47, 'read_coupons', 'coupons', '2020-06-16 10:15:24', '2020-06-16 10:15:24', NULL),
(48, 'edit_coupons', 'coupons', '2020-06-16 10:15:24', '2020-06-16 10:15:24', NULL),
(49, 'add_coupons', 'coupons', '2020-06-16 10:15:24', '2020-06-16 10:15:24', NULL),
(50, 'delete_coupons', 'coupons', '2020-06-16 10:15:24', '2020-06-16 10:15:24', NULL),
(51, 'browse_category', 'category', '2020-06-16 10:15:24', '2020-06-16 10:15:24', NULL),
(52, 'read_category', 'category', '2020-06-16 10:15:24', '2020-06-16 10:15:24', NULL),
(53, 'edit_category', 'category', '2020-06-16 10:15:24', '2020-06-16 10:15:24', NULL),
(54, 'add_category', 'category', '2020-06-16 10:15:24', '2020-06-16 10:15:24', NULL),
(55, 'delete_category', 'category', '2020-06-16 10:15:24', '2020-06-16 10:15:24', NULL),
(56, 'browse_category-product', 'category-product', '2020-06-16 10:15:24', '2020-06-16 10:15:24', NULL),
(57, 'read_category-product', 'category-product', '2020-06-16 10:15:24', '2020-06-16 10:15:24', NULL),
(58, 'edit_category-product', 'category-product', '2020-06-16 10:15:24', '2020-06-16 10:15:24', NULL),
(59, 'add_category-product', 'category-product', '2020-06-16 10:15:24', '2020-06-16 10:15:24', NULL),
(60, 'delete_category-product', 'category-product', '2020-06-16 10:15:24', '2020-06-16 10:15:24', NULL),
(61, 'browse_orders', 'orders', '2020-06-16 10:15:24', '2020-06-16 10:15:24', NULL),
(62, 'read_orders', 'orders', '2020-06-16 10:15:24', '2020-06-16 10:15:24', NULL),
(63, 'edit_orders', 'orders', '2020-06-16 10:15:24', '2020-06-16 10:15:24', NULL),
(64, 'add_orders', 'orders', '2020-06-16 10:15:24', '2020-06-16 10:15:24', NULL),
(65, 'delete_orders', 'orders', '2020-06-16 10:15:24', '2020-06-16 10:15:24', NULL);

-- --------------------------------------------------------

--
-- Table structure for table `permission_groups`
--

CREATE TABLE `permission_groups` (
  `id` int(10) UNSIGNED NOT NULL,
  `name` varchar(255) COLLATE utf8mb4_unicode_ci NOT NULL
) ENGINE=InnoDB DEFAULT CHARSET=utf8mb4 COLLATE=utf8mb4_unicode_ci;

-- --------------------------------------------------------

--
-- Table structure for table `permission_role`
--

CREATE TABLE `permission_role` (
  `permission_id` int(10) UNSIGNED NOT NULL,
  `role_id` bigint(20) UNSIGNED NOT NULL
) ENGINE=InnoDB DEFAULT CHARSET=utf8mb4 COLLATE=utf8mb4_unicode_ci;

--
-- Dumping data for table `permission_role`
--

INSERT INTO `permission_role` (`permission_id`, `role_id`) VALUES
(1, 1),
(1, 3),
(2, 1),
(2, 3),
(3, 1),
(4, 1),
(5, 1),
(6, 1),
(6, 3),
(7, 1),
(7, 3),
(8, 1),
(8, 3),
(9, 1),
(9, 3),
(10, 1),
(11, 1),
(11, 3),
(12, 1),
(12, 3),
(13, 1),
(13, 3),
(14, 1),
(14, 3),
(15, 1),
(16, 1),
(17, 1),
(18, 1),
(19, 1),
(20, 1),
(21, 1),
(22, 1),
(22, 3),
(23, 1),
(24, 1),
(25, 1),
(26, 1),
(26, 3),
(27, 1),
(27, 3),
(28, 1),
(28, 3),
(29, 1),
(29, 3),
(30, 1),
(31, 1),
(31, 3),
(32, 1),
(32, 3),
(33, 1),
(33, 3),
(34, 1),
(34, 3),
(35, 1),
(36, 1),
(36, 3),
(37, 1),
(37, 3),
(38, 1),
(38, 3),
(39, 1),
(39, 3),
(40, 1),
(41, 1),
(41, 3),
(42, 1),
(42, 3),
(43, 1),
(43, 3),
(44, 1),
(44, 3),
(45, 1),
(46, 1),
(46, 3),
(47, 1),
(47, 3),
(48, 1),
(48, 3),
(49, 1),
(49, 3),
(50, 1),
(51, 1),
(51, 3),
(52, 1),
(52, 3),
(53, 1),
(53, 3),
(54, 1),
(54, 3),
(55, 1),
(56, 1),
(56, 3),
(57, 1),
(57, 3),
(58, 1),
(58, 3),
(59, 1),
(59, 3),
(60, 1),
(61, 1),
(61, 3),
(62, 1),
(62, 3),
(63, 1),
(63, 3),
(64, 1),
(64, 3),
(65, 1),
(65, 3);

-- --------------------------------------------------------

--
-- Table structure for table `posts`
--

CREATE TABLE `posts` (
  `id` int(10) UNSIGNED NOT NULL,
  `author_id` int(11) NOT NULL,
  `category_id` int(11) DEFAULT NULL,
  `title` varchar(255) COLLATE utf8mb4_unicode_ci NOT NULL,
  `seo_title` varchar(255) COLLATE utf8mb4_unicode_ci DEFAULT NULL,
  `excerpt` text COLLATE utf8mb4_unicode_ci DEFAULT NULL,
  `body` text COLLATE utf8mb4_unicode_ci NOT NULL,
  `image` varchar(255) COLLATE utf8mb4_unicode_ci DEFAULT NULL,
  `slug` varchar(255) COLLATE utf8mb4_unicode_ci NOT NULL,
  `meta_description` text COLLATE utf8mb4_unicode_ci DEFAULT NULL,
  `meta_keywords` text COLLATE utf8mb4_unicode_ci DEFAULT NULL,
  `status` enum('PUBLISHED','DRAFT','PENDING') COLLATE utf8mb4_unicode_ci NOT NULL DEFAULT 'DRAFT',
  `featured` tinyint(1) NOT NULL DEFAULT 0,
  `created_at` timestamp NULL DEFAULT NULL,
  `updated_at` timestamp NULL DEFAULT NULL
) ENGINE=InnoDB DEFAULT CHARSET=utf8mb4 COLLATE=utf8mb4_unicode_ci;

--
-- Dumping data for table `posts`
--

INSERT INTO `posts` (`id`, `author_id`, `category_id`, `title`, `seo_title`, `excerpt`, `body`, `image`, `slug`, `meta_description`, `meta_keywords`, `status`, `featured`, `created_at`, `updated_at`) VALUES
(1, 0, NULL, 'Lorem Ipsum Post', NULL, 'This is the excerpt for the Lorem Ipsum Post', '<p>This is the body of the lorem ipsum post</p>', 'posts/post1.jpg', 'lorem-ipsum-post', 'This is the meta description', 'keyword1, keyword2, keyword3', 'PUBLISHED', 0, '2020-06-16 10:15:23', '2020-06-16 10:15:23'),
(2, 0, NULL, 'My Sample Post', NULL, 'This is the excerpt for the sample Post', '<p>This is the body for the sample post, which includes the body.</p>\n                <h2>We can use all kinds of format!</h2>\n                <p>And include a bunch of other stuff.</p>', 'posts/post2.jpg', 'my-sample-post', 'Meta Description for sample post', 'keyword1, keyword2, keyword3', 'PUBLISHED', 0, '2020-06-16 10:15:23', '2020-06-16 10:15:23'),
(3, 0, NULL, 'Latest Post', NULL, 'This is the excerpt for the latest post', '<p>This is the body for the latest post</p>', 'posts/post3.jpg', 'latest-post', 'This is the meta description', 'keyword1, keyword2, keyword3', 'PUBLISHED', 0, '2020-06-16 10:15:23', '2020-06-16 10:15:23'),
(4, 0, NULL, 'Yarr Post', NULL, 'Reef sails nipperkin bring a spring upon her cable coffer jury mast spike marooned Pieces of Eight poop deck pillage. Clipper driver coxswain galleon hempen halter come about pressgang gangplank boatswain swing the lead. Nipperkin yard skysail swab lanyard Blimey bilge water ho quarter Buccaneer.', '<p>Swab deadlights Buccaneer fire ship square-rigged dance the hempen jig weigh anchor cackle fruit grog furl. Crack Jennys tea cup chase guns pressgang hearties spirits hogshead Gold Road six pounders fathom measured fer yer chains. Main sheet provost come about trysail barkadeer crimp scuttle mizzenmast brig plunder.</p>\n<p>Mizzen league keelhaul galleon tender cog chase Barbary Coast doubloon crack Jennys tea cup. Blow the man down lugsail fire ship pinnace cackle fruit line warp Admiral of the Black strike colors doubloon. Tackle Jack Ketch come about crimp rum draft scuppers run a shot across the bow haul wind maroon.</p>\n<p>Interloper heave down list driver pressgang holystone scuppers tackle scallywag bilged on her anchor. Jack Tar interloper draught grapple mizzenmast hulk knave cable transom hogshead. Gaff pillage to go on account grog aft chase guns piracy yardarm knave clap of thunder.</p>', 'posts/post4.jpg', 'yarr-post', 'this be a meta descript', 'keyword1, keyword2, keyword3', 'PUBLISHED', 0, '2020-06-16 10:15:23', '2020-06-16 10:15:23');

-- --------------------------------------------------------

--
-- Table structure for table `products`
--

CREATE TABLE `products` (
  `id` int(10) UNSIGNED NOT NULL,
  `name` varchar(255) COLLATE utf8mb4_unicode_ci NOT NULL,
  `slug` varchar(255) COLLATE utf8mb4_unicode_ci NOT NULL,
  `details` varchar(255) COLLATE utf8mb4_unicode_ci DEFAULT NULL,
  `price` int(11) NOT NULL,
  `description` text COLLATE utf8mb4_unicode_ci NOT NULL,
  `featured` tinyint(1) NOT NULL DEFAULT 0,
  `quantity` int(10) UNSIGNED NOT NULL DEFAULT 10,
  `image` varchar(255) COLLATE utf8mb4_unicode_ci DEFAULT NULL,
  `images` text COLLATE utf8mb4_unicode_ci DEFAULT NULL,
  `created_at` timestamp NULL DEFAULT NULL,
  `updated_at` timestamp NULL DEFAULT NULL
) ENGINE=InnoDB DEFAULT CHARSET=utf8mb4 COLLATE=utf8mb4_unicode_ci;

--
-- Dumping data for table `products`
--

INSERT INTO `products` (`id`, `name`, `slug`, `details`, `price`, `description`, `featured`, `quantity`, `image`, `images`, `created_at`, `updated_at`) VALUES
(1, 'Laptop 1', 'laptop-1', '14 inch, 1 TB SSD, 32GB RAM', 210048, 'Laptop Series', 1, 10, 'products/dummy/laptop-1.jpg', '[\"products\\/dummy\\/laptop-1.jpg\",\"products\\/dummy\\/laptop-1.jpg\",\"products\\/dummy\\/laptop-1.jpg\"]', '2020-06-16 10:15:19', '2020-06-16 10:15:20'),
(2, 'Laptop 2', 'laptop-2', '15 inch, 1 TB SSD, 32GB RAM', 234832, 'Lorem 2 ipsum dolor sit amet, consectetur adipisicing elit. Ipsum temporibus iusto ipsa, asperiores voluptas unde aspernatur praesentium in? Aliquam, dolore!', 0, 10, 'products/dummy/laptop-1.jpg', '[\"products\\/dummy\\/laptop-1.jpg\",\"products\\/dummy\\/laptop-1.jpg\",\"products\\/dummy\\/laptop-1.jpg\"]', '2020-06-16 10:15:19', '2020-06-16 10:15:19'),
(3, 'Laptop 3', 'laptop-3', '13 inch, 3 TB SSD, 32GB RAM', 184064, 'Lorem 3 ipsum dolor sit amet, consectetur adipisicing elit. Ipsum temporibus iusto ipsa, asperiores voluptas unde aspernatur praesentium in? Aliquam, dolore!', 0, 10, 'products/dummy/laptop-1.jpg', '[\"products\\/dummy\\/laptop-1.jpg\",\"products\\/dummy\\/laptop-1.jpg\",\"products\\/dummy\\/laptop-1.jpg\"]', '2020-06-16 10:15:19', '2020-06-16 10:15:19'),
(4, 'Laptop 4', 'laptop-4', '14 inch, 3 TB SSD, 32GB RAM', 184098, 'Lorem 4 ipsum dolor sit amet, consectetur adipisicing elit. Ipsum temporibus iusto ipsa, asperiores voluptas unde aspernatur praesentium in? Aliquam, dolore!', 0, 10, 'products/dummy/laptop-1.jpg', '[\"products\\/dummy\\/laptop-1.jpg\",\"products\\/dummy\\/laptop-1.jpg\",\"products\\/dummy\\/laptop-1.jpg\"]', '2020-06-16 10:15:19', '2020-06-16 10:15:19'),
(5, 'Laptop 5', 'laptop-5', '13 inch, 1 TB SSD, 32GB RAM', 222393, 'Lorem 5 ipsum dolor sit amet, consectetur adipisicing elit. Ipsum temporibus iusto ipsa, asperiores voluptas unde aspernatur praesentium in? Aliquam, dolore!', 0, 10, 'products/dummy/laptop-1.jpg', '[\"products\\/dummy\\/laptop-1.jpg\",\"products\\/dummy\\/laptop-1.jpg\",\"products\\/dummy\\/laptop-1.jpg\"]', '2020-06-16 10:15:19', '2020-06-16 10:15:19'),
(6, 'Laptop 6', 'laptop-6', '13 inch, 1 TB SSD, 32GB RAM', 206223, 'Lorem 6 ipsum dolor sit amet, consectetur adipisicing elit. Ipsum temporibus iusto ipsa, asperiores voluptas unde aspernatur praesentium in? Aliquam, dolore!', 0, 10, 'products/dummy/laptop-1.jpg', '[\"products\\/dummy\\/laptop-1.jpg\",\"products\\/dummy\\/laptop-1.jpg\",\"products\\/dummy\\/laptop-1.jpg\"]', '2020-06-16 10:15:19', '2020-06-16 10:15:19'),
(7, 'Laptop 7', 'laptop-7', '14 inch, 1 TB SSD, 32GB RAM', 239241, 'Lorem 7 ipsum dolor sit amet, consectetur adipisicing elit. Ipsum temporibus iusto ipsa, asperiores voluptas unde aspernatur praesentium in? Aliquam, dolore!', 0, 10, 'products/dummy/laptop-1.jpg', '[\"products\\/dummy\\/laptop-1.jpg\",\"products\\/dummy\\/laptop-1.jpg\",\"products\\/dummy\\/laptop-1.jpg\"]', '2020-06-16 10:15:19', '2020-06-16 10:15:19'),
(8, 'Laptop 8', 'laptop-8', '15 inch, 2 TB SSD, 32GB RAM', 154415, 'Lorem 8 ipsum dolor sit amet, consectetur adipisicing elit. Ipsum temporibus iusto ipsa, asperiores voluptas unde aspernatur praesentium in? Aliquam, dolore!', 0, 10, 'products/dummy/laptop-1.jpg', '[\"products\\/dummy\\/laptop-1.jpg\",\"products\\/dummy\\/laptop-1.jpg\",\"products\\/dummy\\/laptop-1.jpg\"]', '2020-06-16 10:15:19', '2020-06-16 10:15:19'),
(9, 'Laptop 9', 'laptop-9', '13 inch, 3 TB SSD, 32GB RAM', 178382, 'Lorem 9 ipsum dolor sit amet, consectetur adipisicing elit. Ipsum temporibus iusto ipsa, asperiores voluptas unde aspernatur praesentium in? Aliquam, dolore!', 0, 10, 'products/dummy/laptop-1.jpg', '[\"products\\/dummy\\/laptop-1.jpg\",\"products\\/dummy\\/laptop-1.jpg\",\"products\\/dummy\\/laptop-1.jpg\"]', '2020-06-16 10:15:19', '2020-06-16 10:15:19'),
(10, 'Laptop 10', 'laptop-10', '14 inch, 1 TB SSD, 32GB RAM', 233420, 'Lorem 10 ipsum dolor sit amet, consectetur adipisicing elit. Ipsum temporibus iusto ipsa, asperiores voluptas unde aspernatur praesentium in? Aliquam, dolore!', 0, 10, 'products/dummy/laptop-1.jpg', '[\"products\\/dummy\\/laptop-1.jpg\",\"products\\/dummy\\/laptop-1.jpg\",\"products\\/dummy\\/laptop-1.jpg\"]', '2020-06-16 10:15:19', '2020-06-16 10:15:19'),
(11, 'Laptop 11', 'laptop-11', '15 inch, 2 TB SSD, 32GB RAM', 159030, 'Lorem 11 ipsum dolor sit amet, consectetur adipisicing elit. Ipsum temporibus iusto ipsa, asperiores voluptas unde aspernatur praesentium in? Aliquam, dolore!', 0, 10, 'products/dummy/laptop-1.jpg', '[\"products\\/dummy\\/laptop-1.jpg\",\"products\\/dummy\\/laptop-1.jpg\",\"products\\/dummy\\/laptop-1.jpg\"]', '2020-06-16 10:15:19', '2020-06-16 10:15:19'),
(12, 'Laptop 12', 'laptop-12', '14 inch, 2 TB SSD, 32GB RAM', 215499, 'Lorem 12 ipsum dolor sit amet, consectetur adipisicing elit. Ipsum temporibus iusto ipsa, asperiores voluptas unde aspernatur praesentium in? Aliquam, dolore!', 1, 10, 'products/dummy/laptop-1.jpg', '[\"products\\/dummy\\/laptop-1.jpg\",\"products\\/dummy\\/laptop-1.jpg\",\"products\\/dummy\\/laptop-1.jpg\"]', '2020-06-16 10:15:19', '2020-06-16 10:15:20'),
(13, 'Laptop 13', 'laptop-13', '13 inch, 2 TB SSD, 32GB RAM', 176758, 'Lorem 13 ipsum dolor sit amet, consectetur adipisicing elit. Ipsum temporibus iusto ipsa, asperiores voluptas unde aspernatur praesentium in? Aliquam, dolore!', 0, 10, 'products/dummy/laptop-1.jpg', '[\"products\\/dummy\\/laptop-1.jpg\",\"products\\/dummy\\/laptop-1.jpg\",\"products\\/dummy\\/laptop-1.jpg\"]', '2020-06-16 10:15:19', '2020-06-16 10:15:19'),
(14, 'Laptop 14', 'laptop-14', '13 inch, 2 TB SSD, 32GB RAM', 170999, 'Lorem 14 ipsum dolor sit amet, consectetur adipisicing elit. Ipsum temporibus iusto ipsa, asperiores voluptas unde aspernatur praesentium in? Aliquam, dolore!', 0, 10, 'products/dummy/laptop-1.jpg', '[\"products\\/dummy\\/laptop-1.jpg\",\"products\\/dummy\\/laptop-1.jpg\",\"products\\/dummy\\/laptop-1.jpg\"]', '2020-06-16 10:15:19', '2020-06-16 10:15:19'),
(15, 'Laptop 15', 'laptop-15', '14 inch, 2 TB SSD, 32GB RAM', 221435, 'Lorem 15 ipsum dolor sit amet, consectetur adipisicing elit. Ipsum temporibus iusto ipsa, asperiores voluptas unde aspernatur praesentium in? Aliquam, dolore!', 0, 10, 'products/dummy/laptop-1.jpg', '[\"products\\/dummy\\/laptop-1.jpg\",\"products\\/dummy\\/laptop-1.jpg\",\"products\\/dummy\\/laptop-1.jpg\"]', '2020-06-16 10:15:19', '2020-06-16 10:15:19'),
(16, 'Laptop 16', 'laptop-16', '15 inch, 3 TB SSD, 32GB RAM', 191018, 'Lorem 16 ipsum dolor sit amet, consectetur adipisicing elit. Ipsum temporibus iusto ipsa, asperiores voluptas unde aspernatur praesentium in? Aliquam, dolore!', 0, 10, 'products/dummy/laptop-1.jpg', '[\"products\\/dummy\\/laptop-1.jpg\",\"products\\/dummy\\/laptop-1.jpg\",\"products\\/dummy\\/laptop-1.jpg\"]', '2020-06-16 10:15:19', '2020-06-16 10:15:19'),
(17, 'Laptop 17', 'laptop-17', '14 inch, 1 TB SSD, 32GB RAM', 179252, 'Lorem 17 ipsum dolor sit amet, consectetur adipisicing elit. Ipsum temporibus iusto ipsa, asperiores voluptas unde aspernatur praesentium in? Aliquam, dolore!', 0, 10, 'products/dummy/laptop-1.jpg', '[\"products\\/dummy\\/laptop-1.jpg\",\"products\\/dummy\\/laptop-1.jpg\",\"products\\/dummy\\/laptop-1.jpg\"]', '2020-06-16 10:15:19', '2020-06-16 10:15:19'),
(18, 'Laptop 18', 'laptop-18', '13 inch, 1 TB SSD, 32GB RAM', 245370, 'Lorem 18 ipsum dolor sit amet, consectetur adipisicing elit. Ipsum temporibus iusto ipsa, asperiores voluptas unde aspernatur praesentium in? Aliquam, dolore!', 0, 10, 'products/dummy/laptop-1.jpg', '[\"products\\/dummy\\/laptop-1.jpg\",\"products\\/dummy\\/laptop-1.jpg\",\"products\\/dummy\\/laptop-1.jpg\"]', '2020-06-16 10:15:19', '2020-06-16 10:15:19'),
(19, 'Laptop 19', 'laptop-19', '15 inch, 2 TB SSD, 32GB RAM', 163084, 'Lorem 19 ipsum dolor sit amet, consectetur adipisicing elit. Ipsum temporibus iusto ipsa, asperiores voluptas unde aspernatur praesentium in? Aliquam, dolore!', 0, 10, 'products/dummy/laptop-1.jpg', '[\"products\\/dummy\\/laptop-1.jpg\",\"products\\/dummy\\/laptop-1.jpg\",\"products\\/dummy\\/laptop-1.jpg\"]', '2020-06-16 10:15:19', '2020-06-16 10:15:19'),
(20, 'Laptop 20', 'laptop-20', '15 inch, 2 TB SSD, 32GB RAM', 150324, 'Lorem 20 ipsum dolor sit amet, consectetur adipisicing elit. Ipsum temporibus iusto ipsa, asperiores voluptas unde aspernatur praesentium in? Aliquam, dolore!', 0, 10, 'products/dummy/laptop-1.jpg', '[\"products\\/dummy\\/laptop-1.jpg\",\"products\\/dummy\\/laptop-1.jpg\",\"products\\/dummy\\/laptop-1.jpg\"]', '2020-06-16 10:15:19', '2020-06-16 10:15:19'),
(21, 'Laptop 21', 'laptop-21', '13 inch, 3 TB SSD, 32GB RAM', 162145, 'Lorem 21 ipsum dolor sit amet, consectetur adipisicing elit. Ipsum temporibus iusto ipsa, asperiores voluptas unde aspernatur praesentium in? Aliquam, dolore!', 0, 10, 'products/dummy/laptop-1.jpg', '[\"products\\/dummy\\/laptop-1.jpg\",\"products\\/dummy\\/laptop-1.jpg\",\"products\\/dummy\\/laptop-1.jpg\"]', '2020-06-16 10:15:19', '2020-06-16 10:15:19'),
(22, 'Laptop 22', 'laptop-22', '13 inch, 1 TB SSD, 32GB RAM', 239275, 'Lorem 22 ipsum dolor sit amet, consectetur adipisicing elit. Ipsum temporibus iusto ipsa, asperiores voluptas unde aspernatur praesentium in? Aliquam, dolore!', 1, 10, 'products/dummy/laptop-1.jpg', '[\"products\\/dummy\\/laptop-1.jpg\",\"products\\/dummy\\/laptop-1.jpg\",\"products\\/dummy\\/laptop-1.jpg\"]', '2020-06-16 10:15:19', '2020-06-16 10:15:20'),
(23, 'Laptop 23', 'laptop-23', '15 inch, 1 TB SSD, 32GB RAM', 163283, 'Lorem 23 ipsum dolor sit amet, consectetur adipisicing elit. Ipsum temporibus iusto ipsa, asperiores voluptas unde aspernatur praesentium in? Aliquam, dolore!', 0, 10, 'products/dummy/laptop-1.jpg', '[\"products\\/dummy\\/laptop-1.jpg\",\"products\\/dummy\\/laptop-1.jpg\",\"products\\/dummy\\/laptop-1.jpg\"]', '2020-06-16 10:15:19', '2020-06-16 10:15:19'),
(24, 'Laptop 24', 'laptop-24', '13 inch, 1 TB SSD, 32GB RAM', 186175, 'Lorem 24 ipsum dolor sit amet, consectetur adipisicing elit. Ipsum temporibus iusto ipsa, asperiores voluptas unde aspernatur praesentium in? Aliquam, dolore!', 0, 10, 'products/dummy/laptop-1.jpg', '[\"products\\/dummy\\/laptop-1.jpg\",\"products\\/dummy\\/laptop-1.jpg\",\"products\\/dummy\\/laptop-1.jpg\"]', '2020-06-16 10:15:19', '2020-06-16 10:15:19'),
(25, 'Laptop 25', 'laptop-25', '13 inch, 3 TB SSD, 32GB RAM', 192907, 'Lorem 25 ipsum dolor sit amet, consectetur adipisicing elit. Ipsum temporibus iusto ipsa, asperiores voluptas unde aspernatur praesentium in? Aliquam, dolore!', 0, 10, 'products/dummy/laptop-1.jpg', '[\"products\\/dummy\\/laptop-1.jpg\",\"products\\/dummy\\/laptop-1.jpg\",\"products\\/dummy\\/laptop-1.jpg\"]', '2020-06-16 10:15:19', '2020-06-16 10:15:19'),
(26, 'Laptop 26', 'laptop-26', '13 inch, 1 TB SSD, 32GB RAM', 203838, 'Lorem 26 ipsum dolor sit amet, consectetur adipisicing elit. Ipsum temporibus iusto ipsa, asperiores voluptas unde aspernatur praesentium in? Aliquam, dolore!', 0, 10, 'products/dummy/laptop-26.jpg', '[\"products\\/dummy\\/laptop-1.jpg\",\"products\\/dummy\\/laptop-1.jpg\",\"products\\/dummy\\/laptop-1.jpg\"]', '2020-06-16 10:15:19', '2020-06-16 10:15:19'),
(27, 'Laptop 27', 'laptop-27', '14 inch, 1 TB SSD, 32GB RAM', 229261, 'Lorem 27 ipsum dolor sit amet, consectetur adipisicing elit. Ipsum temporibus iusto ipsa, asperiores voluptas unde aspernatur praesentium in? Aliquam, dolore!', 0, 10, 'products/dummy/laptop-1.jpg', '[\"products\\/dummy\\/laptop-1.jpg\",\"products\\/dummy\\/laptop-1.jpg\",\"products\\/dummy\\/laptop-1.jpg\"]', '2020-06-16 10:15:19', '2020-06-16 10:15:19'),
(28, 'Laptop 28', 'laptop-28', '13 inch, 2 TB SSD, 32GB RAM', 199526, 'Lorem 28 ipsum dolor sit amet, consectetur adipisicing elit. Ipsum temporibus iusto ipsa, asperiores voluptas unde aspernatur praesentium in? Aliquam, dolore!', 0, 10, 'products/dummy/laptop-1.jpg', '[\"products\\/dummy\\/laptop-1.jpg\",\"products\\/dummy\\/laptop-1.jpg\",\"products\\/dummy\\/laptop-1.jpg\"]', '2020-06-16 10:15:19', '2020-06-16 10:15:19'),
(29, 'Laptop 29', 'laptop-29', '15 inch, 1 TB SSD, 32GB RAM', 240872, 'Lorem 29 ipsum dolor sit amet, consectetur adipisicing elit. Ipsum temporibus iusto ipsa, asperiores voluptas unde aspernatur praesentium in? Aliquam, dolore!', 0, 10, 'products/dummy/laptop-1.jpg', '[\"products\\/dummy\\/laptop-1.jpg\",\"products\\/dummy\\/laptop-1.jpg\",\"products\\/dummy\\/laptop-1.jpg\"]', '2020-06-16 10:15:19', '2020-06-16 10:15:19'),
(30, 'Laptop 30', 'laptop-30', '15 inch, 2 TB SSD, 32GB RAM', 241646, 'Lorem 30 ipsum dolor sit amet, consectetur adipisicing elit. Ipsum temporibus iusto ipsa, asperiores voluptas unde aspernatur praesentium in? Aliquam, dolore!', 0, 10, 'products/dummy/laptop-1.jpg', '[\"products\\/dummy\\/laptop-1.jpg\",\"products\\/dummy\\/laptop-1.jpg\",\"products\\/dummy\\/laptop-1.jpg\"]', '2020-06-16 10:15:19', '2020-06-16 10:15:19'),
(31, 'Desktop 1', 'desktop-1', '27 inch, 1 TB SSD, 32GB RAM', 417574, '<p>Lorem 1 ipsum dolor sit amet, consectetur adipisicing elit. Ipsum temporibus iusto ipsa, asperiores voluptas unde aspernatur praesentium in? Aliquam, dolore!</p>', 1, 10, 'products\\June2020\\oeYezco6x7sXPzd01LEH.jpg', '[\"products\\/dummy\\/desktop-large.jpg\",\"products\\/dummy\\/desktop-large.jpg\",\"products\\/dummy\\/desktop-large.jpg\"]', '2020-06-16 10:15:00', '2020-06-16 10:15:00'),
(32, 'Desktop 2', 'desktop-2', '27 inch, 2 TB SSD, 32GB RAM', 262347, '<p>Lorem 2 ipsum dolor sit amet, consectetur adipisicing elit. Ipsum temporibus iusto ipsa, asperiores voluptas unde aspernatur praesentium in? Aliquam, dolore!</p>', 0, 10, 'products\\June2020\\UCqwmUiTZoVluEejcvoW.jpg', '[\"products\\/dummy\\/desktop-large.jpg\",\"products\\/dummy\\/desktop-large.jpg\",\"products\\/dummy\\/desktop-large.jpg\"]', '2020-06-16 10:15:00', '2020-06-16 10:15:00'),
(33, 'Desktop 3', 'desktop-3', '25 inch, 3 TB SSD, 32GB RAM', 384407, '<p>Lorem 3 ipsum dolor sit amet, consectetur adipisicing elit. Ipsum temporibus iusto ipsa, asperiores voluptas unde aspernatur praesentium in? Aliquam, dolore!</p>', 0, 10, 'products\\June2020\\B9a99WzydvgOXuhuvBZz.jpg', '[\"products\\/dummy\\/desktop-large.jpg\",\"products\\/dummy\\/desktop-large.jpg\",\"products\\/dummy\\/desktop-large.jpg\"]', '2020-06-16 10:15:00', '2020-06-16 10:15:00'),
(34, 'Desktop 4', 'desktop-4', '27 inch, 2 TB SSD, 32GB RAM', 311176, '<p>Lorem 4 ipsum dolor sit amet, consectetur adipisicing elit. Ipsum temporibus iusto ipsa, asperiores voluptas unde aspernatur praesentium in? Aliquam, dolore!</p>', 0, 10, 'products\\June2020\\1OC9ji1TMHEl3wmwSOOM.jpg', '[\"products\\/dummy\\/desktop-large.jpg\",\"products\\/dummy\\/desktop-large.jpg\",\"products\\/dummy\\/desktop-large.jpg\"]', '2020-06-16 10:15:00', '2020-06-16 10:15:00'),
(35, 'Desktop 5', 'desktop-5', '25 inch, 3 TB SSD, 32GB RAM', 443505, '<p>Lorem 5 ipsum dolor sit amet, consectetur adipisicing elit. Ipsum temporibus iusto ipsa, asperiores voluptas unde aspernatur praesentium in? Aliquam, dolore!</p>', 0, 10, 'products\\June2020\\IbMfqCkbja14CDlgFCtO.jpg', '[\"products\\/dummy\\/desktop-large.jpg\",\"products\\/dummy\\/desktop-large.jpg\",\"products\\/dummy\\/desktop-large.jpg\"]', '2020-06-16 10:15:00', '2020-06-16 10:15:00'),
(36, 'Desktop 6', 'desktop-6', '27 inch, 2 TB SSD, 32GB RAM', 280380, '<p>Lorem 6 ipsum dolor sit amet, consectetur adipisicing elit. Ipsum temporibus iusto ipsa, asperiores voluptas unde aspernatur praesentium in? Aliquam, dolore!</p>', 0, 10, 'products\\June2020\\ewlu5vRrgfVcEKCV4nnl.jpg', '[\"products\\/dummy\\/desktop-large.jpg\",\"products\\/dummy\\/desktop-large.jpg\",\"products\\/dummy\\/desktop-large.jpg\"]', '2020-06-16 10:15:00', '2020-06-16 10:15:00'),
(37, 'Desktop 7', 'desktop-7', '24 inch, 1 TB SSD, 32GB RAM', 332272, '<p>Lorem 7 ipsum dolor sit amet, consectetur adipisicing elit. Ipsum temporibus iusto ipsa, asperiores voluptas unde aspernatur praesentium in? Aliquam, dolore!</p>', 0, 10, 'products\\June2020\\hsf3WViIVqipjcJQk1Vy.jpg', '[\"products\\/dummy\\/desktop-large.jpg\",\"products\\/dummy\\/desktop-large.jpg\",\"products\\/dummy\\/desktop-large.jpg\"]', '2020-06-16 10:15:00', '2020-06-16 10:15:00'),
(38, 'Desktop 8', 'desktop-8', '27 inch, 3 TB SSD, 32GB RAM', 304995, '<p>Lorem 8 ipsum dolor sit amet, consectetur adipisicing elit. Ipsum temporibus iusto ipsa, asperiores voluptas unde aspernatur praesentium in? Aliquam, dolore!</p>', 0, 10, 'products\\June2020\\AO1pyNbxT5aKdgePm5KO.jpg', '[\"products\\/dummy\\/desktop-large.jpg\",\"products\\/dummy\\/desktop-large.jpg\",\"products\\/dummy\\/desktop-large.jpg\"]', '2020-06-16 10:15:00', '2020-06-18 02:13:13'),
(39, 'Samsung Desktop', 'samsung-desktop', '24 inch, 3 TB SSD, 32GB RAM', 341672, '<p>Lorem 9 ipsum dolor sit amet, consectetur adipisicing elit. Ipsum temporibus iusto ipsa, asperiores voluptas unde aspernatur praesentium in? Aliquam, dolore!</p>', 0, 10, 'products\\June2020\\AO1pyNbxT5aKdgePm5KO.jpg', '[\"products\\/dummy\\/desktop-large.jpg\",\"products\\/dummy\\/desktop-large.jpg\",\"products\\/dummy\\/desktop-large.jpg\"]', '2020-06-16 10:15:00', '2020-06-16 10:15:00'),
(40, 'Samsung phone', 'samsung-phone', '64GB, 5.9 inch screen, 4GHz Quad Core', 116392, '<p>Lorem 1 ipsum dolor sit amet, consectetur adipisicing elit. Ipsum temporibus iusto ipsa, asperiores voluptas unde aspernatur praesentium in? Aliquam, dolore!</p>', 0, 10, 'products\\June2020\\HAOE8syN4UiG2ZtwKknk.jpg', '[\"products\\/dummy\\/phone-large.jpg\",\"products\\/dummy\\/phone-large.jpg\",\"products\\/dummy\\/phone-large.jpg\"]', '2020-06-16 10:15:00', '2020-06-18 03:02:24'),
(41, 'Apple', 'apple', '32GB, 5.8 inch screen, 4GHz Quad Core', 117790, '<p>Lorem 2 ipsum dolor sit amet, consectetur adipisicing elit. Ipsum temporibus iusto ipsa, asperiores voluptas unde aspernatur praesentium in? Aliquam, dolore!</p>', 1, 10, 'products\\June2020\\8BPyTL41Vnb2tXCnqN7l.jpg', '[\"products\\/dummy\\/phone-large.jpg\",\"products\\/dummy\\/phone-large.jpg\",\"products\\/dummy\\/phone-large.jpg\"]', '2020-06-16 10:15:00', '2020-06-18 03:04:14'),
(42, 'IPhone', 'iphone', '32GB, 5.7 inch screen, 4GHz Quad Core', 147300, '<p>Lorem 3 ipsum dolor sit amet, consectetur adipisicing elit. Ipsum temporibus iusto ipsa, asperiores voluptas unde aspernatur praesentium in? Aliquam, dolore!</p>', 0, 10, 'products\\June2020\\cwAEP9tE2UJadThzkpg5.jpg', '[\"products\\/dummy\\/phone-large.jpg\",\"products\\/dummy\\/phone-large.jpg\",\"products\\/dummy\\/phone-large.jpg\"]', '2020-06-16 10:15:00', '2020-06-18 03:03:18'),
(43, 'One Plus 6 t', 'one-plus-6T', '64GB, 5.9 inch screen, 4GHz Quad Core', 127465, '<p>One plus Phone series</p>', 1, 10, 'products\\June2020\\4xmftVtP36nJF0Oe5ZVf.jpg', '[\"products\\/dummy\\/oneplus_Images1.jpg\",\"products\\/dummy\\/oneplus_Images1.jpg\",\"products\\/dummy\\/oneplus_Images1.jpg\"]', '2020-06-16 10:15:00', '2020-06-18 02:03:00'),
(44, 'Samsung phones', 'samsung-phones', '32GB, 5.8 inch screen, 4GHz Quad Core', 80000, '<p>Lorem 5 ipsum dolor sit amet, consectetur adipisicing elit. Ipsum temporibus iusto ipsa, asperiores voluptas unde aspernatur praesentium in? Aliquam, dolore!</p>', 0, 10, 'products/dummy/phoneImage5.jpg', '[\"products\\/dummy\\/phoneImage5.jpg\",\"products\\/dummy\\/phoneImage5.jpg\",\"products\\/dummy\\/phoneImage5.jpg\"]', '2020-06-16 10:15:00', '2020-06-18 02:00:00'),
(45, 'IPhone SE', 'i-phone-se', '32GB, 5.8 inch screen, 4GHz Quad Core', 122999, '<p>Apple I phone SE</p>', 0, 10, 'products\\June2020\\pfEozQupVzCquWBFmCMk.jpg', '[\"products\\/dummy\\/phone-large.jpg\",\"products\\/dummy\\/phone-large.jpg\",\"products\\/dummy\\/phone-large.jpg\"]', '2020-06-16 10:15:00', '2020-06-16 10:15:00'),
(46, 'Phone 7', 'apple-phone', '64GB, 5.8 inch screen, 4GHz Quad Core', 99101, '<p>Apple Phone series</p>', 0, 10, 'products\\June2020\\X6TgoBiR7rp1xS1cBin7.jpg', '[\"products\\/dummy\\/phone-large.jpg\",\"products\\/dummy\\/phone-large.jpg\",\"products\\/dummy\\/phone-large.jpg\"]', '2020-06-16 10:15:00', '2020-06-16 10:15:00'),
(47, 'Phone 8', 'phone-8', '16GB, 5.8 inch screen, 4GHz Quad Core', 145033, '<p>Lorem 8 ipsum dolor sit amet, consectetur adipisicing elit. Ipsum temporibus iusto ipsa, asperiores voluptas unde aspernatur praesentium in? Aliquam, dolore!</p>', 1, 10, 'products\\June2020\\PWj02qC6jmDQihwLUgVC.jpg', '[\"products\\/dummy\\/phone-large.jpg\",\"products\\/dummy\\/phone-large.jpg\",\"products\\/dummy\\/phone-large.jpg\"]', '2020-06-16 10:15:00', '2020-06-16 10:15:00'),
(48, 'Phone 9', 'phone-9', '32GB, 5.7 inch screen, 4GHz Quad Core', 85280, '<p>Lorem 9 ipsum dolor sit amet, consectetur adipisicing elit. Ipsum temporibus iusto ipsa, asperiores voluptas unde aspernatur praesentium in? Aliquam, dolore!</p>', 0, 10, 'products\\June2020\\AuSrAkx7vjIZxkLvGVxP.jpg', '[\"products\\/dummy\\/phone-large.jpg\",\"products\\/dummy\\/phone-large.jpg\",\"products\\/dummy\\/phone-large.jpg\"]', '2020-06-16 10:15:00', '2020-06-16 10:15:00'),
(49, 'Tablet 1', 'tablet-1', '64GB, 5.11 inch screen, 4GHz Quad Core', 107540, 'Lorem 1 ipsum dolor sit amet, consectetur adipisicing elit. Ipsum temporibus iusto ipsa, asperiores voluptas unde aspernatur praesentium in? Aliquam, dolore!', 0, 10, 'products/dummy/tablet-large.jpg', '[\"products\\/dummy\\/tablet-large.jpg\",\"products\\/dummy\\/tablet-large.jpg\",\"products\\/dummy\\/tablet-large.jpg\"]', '2020-06-16 10:15:20', '2020-06-16 10:15:20'),
(50, 'Tablet 2', 'tablet-2', '16GB, 5.11 inch screen, 4GHz Quad Core', 104838, 'Lorem 2 ipsum dolor sit amet, consectetur adipisicing elit. Ipsum temporibus iusto ipsa, asperiores voluptas unde aspernatur praesentium in? Aliquam, dolore!', 0, 10, 'products/dummy/tablet-large.jpg', '[\"products\\/dummy\\/tablet-large.jpg\",\"products\\/dummy\\/tablet-large.jpg\",\"products\\/dummy\\/tablet-large.jpg\"]', '2020-06-16 10:15:20', '2020-06-16 10:15:20'),
(51, 'Tablet 3', 'tablet-3', '32GB, 5.11 inch screen, 4GHz Quad Core', 89478, 'Lorem 3 ipsum dolor sit amet, consectetur adipisicing elit. Ipsum temporibus iusto ipsa, asperiores voluptas unde aspernatur praesentium in? Aliquam, dolore!', 1, 10, 'products/dummy/tablet-large.jpg', '[\"products\\/dummy\\/tablet-large.jpg\",\"products\\/dummy\\/tablet-large.jpg\",\"products\\/dummy\\/tablet-large.jpg\"]', '2020-06-16 10:15:20', '2020-06-16 10:15:20'),
(52, 'Tablet 4', 'tablet-4', '32GB, 5.11 inch screen, 4GHz Quad Core', 55394, 'Lorem 4 ipsum dolor sit amet, consectetur adipisicing elit. Ipsum temporibus iusto ipsa, asperiores voluptas unde aspernatur praesentium in? Aliquam, dolore!', 0, 10, 'products/dummy/tablet-large.jpg', '[\"products\\/dummy\\/tablet-large.jpg\",\"products\\/dummy\\/tablet-large.jpg\",\"products\\/dummy\\/tablet-large.jpg\"]', '2020-06-16 10:15:20', '2020-06-16 10:15:20'),
(53, 'Tablet 5', 'tablet-5', '64GB, 5.12 inch screen, 4GHz Quad Core', 83604, 'Lorem 5 ipsum dolor sit amet, consectetur adipisicing elit. Ipsum temporibus iusto ipsa, asperiores voluptas unde aspernatur praesentium in? Aliquam, dolore!', 1, 10, 'products/dummy/tablet-large.jpg', '[\"products\\/dummy\\/tablet-large.jpg\",\"products\\/dummy\\/tablet-large.jpg\",\"products\\/dummy\\/tablet-large.jpg\"]', '2020-06-16 10:15:20', '2020-06-16 10:15:20'),
(54, 'Tablet 6', 'tablet-6', '16GB, 5.12 inch screen, 4GHz Quad Core', 67908, 'Lorem 6 ipsum dolor sit amet, consectetur adipisicing elit. Ipsum temporibus iusto ipsa, asperiores voluptas unde aspernatur praesentium in? Aliquam, dolore!', 0, 10, 'products/dummy/tablet-large.jpg', '[\"products\\/dummy\\/tablet-large.jpg\",\"products\\/dummy\\/tablet-large.jpg\",\"products\\/dummy\\/tablet-large.jpg\"]', '2020-06-16 10:15:20', '2020-06-16 10:15:20'),
(55, 'Tablet 7', 'tablet-7', '64GB, 5.10 inch screen, 4GHz Quad Core', 59475, 'Lorem 7 ipsum dolor sit amet, consectetur adipisicing elit. Ipsum temporibus iusto ipsa, asperiores voluptas unde aspernatur praesentium in? Aliquam, dolore!', 0, 10, 'products/dummy/tablet-large.jpg', '[\"products\\/dummy\\/tablet-large.jpg\",\"products\\/dummy\\/tablet-large.jpg\",\"products\\/dummy\\/tablet-large.jpg\"]', '2020-06-16 10:15:20', '2020-06-16 10:15:20'),
(56, 'Tablet 8', 'tablet-8', '32GB, 5.11 inch screen, 4GHz Quad Core', 128961, 'Lorem 8 ipsum dolor sit amet, consectetur adipisicing elit. Ipsum temporibus iusto ipsa, asperiores voluptas unde aspernatur praesentium in? Aliquam, dolore!', 0, 10, 'products/dummy/tablet-large.jpg', '[\"products\\/dummy\\/tablet-large.jpg\",\"products\\/dummy\\/tablet-large.jpg\",\"products\\/dummy\\/tablet-large.jpg\"]', '2020-06-16 10:15:20', '2020-06-16 10:15:20'),
(57, 'Tablet 9', 'tablet-9', '32GB, 5.11 inch screen, 4GHz Quad Core', 59999, 'Lorem 9 ipsum dolor sit amet, consectetur adipisicing elit. Ipsum temporibus iusto ipsa, asperiores voluptas unde aspernatur praesentium in? Aliquam, dolore!', 0, 10, 'products/dummy/tablet-large.jpg', '[\"products\\/dummy\\/tablet-large.jpg\",\"products\\/dummy\\/tablet-large.jpg\",\"products\\/dummy\\/tablet-large.jpg\"]', '2020-06-16 10:15:20', '2020-06-16 10:15:20'),
(58, 'TV 1', 'tv-1', '60 inch screen, Smart TV, 4K', 116336, 'Lorem 1 ipsum dolor sit amet, consectetur adipisicing elit. Ipsum temporibus iusto ipsa, asperiores voluptas unde aspernatur praesentium in? Aliquam, dolore!', 0, 10, 'products/dummy/tv-large.jpg', '[\"products\\/dummy\\/tv-large.jpg\",\"products\\/dummy\\/tv-large.jpg\",\"products\\/dummy\\/tv-large.jpg\"]', '2020-06-16 10:15:20', '2020-06-16 10:15:20'),
(59, 'TV 2', 'tv-2', '60 inch screen, Smart TV, 4K', 97342, 'Lorem 2 ipsum dolor sit amet, consectetur adipisicing elit. Ipsum temporibus iusto ipsa, asperiores voluptas unde aspernatur praesentium in? Aliquam, dolore!', 0, 10, 'products/dummy/tv-large.jpg', '[\"products\\/dummy\\/tv-large.jpg\",\"products\\/dummy\\/tv-large.jpg\",\"products\\/dummy\\/tv-large.jpg\"]', '2020-06-16 10:15:20', '2020-06-16 10:15:20'),
(60, 'TV 3', 'tv-3', '60 inch screen, Smart TV, 4K', 122075, 'Lorem 3 ipsum dolor sit amet, consectetur adipisicing elit. Ipsum temporibus iusto ipsa, asperiores voluptas unde aspernatur praesentium in? Aliquam, dolore!', 0, 10, 'products/dummy/tv-large.jpg', '[\"products\\/dummy\\/tv-large.jpg\",\"products\\/dummy\\/tv-large.jpg\",\"products\\/dummy\\/tv-large.jpg\"]', '2020-06-16 10:15:20', '2020-06-16 10:15:20'),
(61, 'TV 4', 'tv-4', '46 inch screen, Smart TV, 4K', 83819, 'Lorem 4 ipsum dolor sit amet, consectetur adipisicing elit. Ipsum temporibus iusto ipsa, asperiores voluptas unde aspernatur praesentium in? Aliquam, dolore!', 1, 10, 'products/dummy/tv-large.jpg', '[\"products\\/dummy\\/tv-large.jpg\",\"products\\/dummy\\/tv-large.jpg\",\"products\\/dummy\\/tv-large.jpg\"]', '2020-06-16 10:15:20', '2020-06-16 10:15:20'),
(62, 'TV 5', 'tv-5', '50 inch screen, Smart TV, 4K', 99625, 'Lorem 5 ipsum dolor sit amet, consectetur adipisicing elit. Ipsum temporibus iusto ipsa, asperiores voluptas unde aspernatur praesentium in? Aliquam, dolore!', 0, 10, 'products/dummy/tv-large.jpg', '[\"products\\/dummy\\/tv-large.jpg\",\"products\\/dummy\\/tv-large.jpg\",\"products\\/dummy\\/tv-large.jpg\"]', '2020-06-16 10:15:20', '2020-06-16 10:15:20'),
(63, 'TV 6', 'tv-6', '60 inch screen, Smart TV, 4K', 140616, 'Lorem 6 ipsum dolor sit amet, consectetur adipisicing elit. Ipsum temporibus iusto ipsa, asperiores voluptas unde aspernatur praesentium in? Aliquam, dolore!', 0, 10, 'products/dummy/tv-large.jpg', '[\"products\\/dummy\\/tv-large.jpg\",\"products\\/dummy\\/tv-large.jpg\",\"products\\/dummy\\/tv-large.jpg\"]', '2020-06-16 10:15:20', '2020-06-16 10:15:20'),
(64, 'TV 7', 'tv-7', '60 inch screen, Smart TV, 4K', 141940, 'Lorem 7 ipsum dolor sit amet, consectetur adipisicing elit. Ipsum temporibus iusto ipsa, asperiores voluptas unde aspernatur praesentium in? Aliquam, dolore!', 0, 10, 'products/dummy/tv-large.jpg', '[\"products\\/dummy\\/tv-large.jpg\",\"products\\/dummy\\/tv-large.jpg\",\"products\\/dummy\\/tv-large.jpg\"]', '2020-06-16 10:15:20', '2020-06-16 10:15:20'),
(65, 'TV 8', 'tv-8', '60 inch screen, Smart TV, 4K', 104781, 'Lorem 8 ipsum dolor sit amet, consectetur adipisicing elit. Ipsum temporibus iusto ipsa, asperiores voluptas unde aspernatur praesentium in? Aliquam, dolore!', 0, 10, 'products/dummy/tv-large.jpg', '[\"products\\/dummy\\/tv-large.jpg\",\"products\\/dummy\\/tv-large.jpg\",\"products\\/dummy\\/tv-large.jpg\"]', '2020-06-16 10:15:20', '2020-06-16 10:15:20'),
(66, 'TV 9', 'tv-9', '60 inch screen, Smart TV, 4K', 140372, 'Lorem 9 ipsum dolor sit amet, consectetur adipisicing elit. Ipsum temporibus iusto ipsa, asperiores voluptas unde aspernatur praesentium in? Aliquam, dolore!', 0, 10, 'products/dummy/tv-large.jpg', '[\"products\\/dummy\\/tv-large.jpg\",\"products\\/dummy\\/tv-large.jpg\",\"products\\/dummy\\/tv-large.jpg\"]', '2020-06-16 10:15:20', '2020-06-16 10:15:20'),
(67, 'Camera 1', 'camera-1', 'Full Frame DSLR, with 18-55mm kit lens.', 123578, '<p>Lorem 1 ipsum dolor sit amet, consectetur adipisicing elit. Ipsum temporibus iusto ipsa, asperiores voluptas unde aspernatur praesentium in? Aliquam, dolore!</p>', 0, 10, 'products/dummy/camera-large.jpg', '[\"products\\/dummy\\/camera-large.jpg\",\"products\\/dummy\\/camera-large.jpg\",\"products\\/dummy\\/camera-large.jpg\"]', '2020-06-16 10:15:00', '2020-06-16 10:15:00'),
(68, 'Camera 2', 'camera-2', 'Full Frame DSLR, with 18-55mm kit lens.', 109501, 'Lorem 2 ipsum dolor sit amet, consectetur adipisicing elit. Ipsum temporibus iusto ipsa, asperiores voluptas unde aspernatur praesentium in? Aliquam, dolore!', 0, 10, 'products/dummy/camera-large.jpg', '[\"products\\/dummy\\/camera-large.jpg\",\"products\\/dummy\\/camera-large.jpg\",\"products\\/dummy\\/camera-large.jpg\"]', '2020-06-16 10:15:20', '2020-06-16 10:15:20'),
(69, 'Camera 3', 'camera-3', 'Full Frame DSLR, with 18-55mm kit lens.', 145719, 'Lorem 3 ipsum dolor sit amet, consectetur adipisicing elit. Ipsum temporibus iusto ipsa, asperiores voluptas unde aspernatur praesentium in? Aliquam, dolore!', 1, 10, 'products/dummy/camera-large.jpg', '[\"products\\/dummy\\/camera-large.jpg\",\"products\\/dummy\\/camera-large.jpg\",\"products\\/dummy\\/camera-large.jpg\"]', '2020-06-16 10:15:20', '2020-06-16 10:15:20'),
(70, 'Camera 4', 'camera-4', 'Full Frame DSLR, with 18-55mm kit lens.', 160527, 'Lorem 4 ipsum dolor sit amet, consectetur adipisicing elit. Ipsum temporibus iusto ipsa, asperiores voluptas unde aspernatur praesentium in? Aliquam, dolore!', 0, 10, 'products/dummy/camera-large.jpg', '[\"products\\/dummy\\/camera-large.jpg\",\"products\\/dummy\\/camera-large.jpg\",\"products\\/dummy\\/camera-large.jpg\"]', '2020-06-16 10:15:20', '2020-06-16 10:15:20'),
(71, 'Camera 5', 'camera-5', 'Full Frame DSLR, with 18-55mm kit lens.', 138636, 'Lorem 5 ipsum dolor sit amet, consectetur adipisicing elit. Ipsum temporibus iusto ipsa, asperiores voluptas unde aspernatur praesentium in? Aliquam, dolore!', 0, 10, 'products/dummy/camera-large.jpg', '[\"products\\/dummy\\/camera-large.jpg\",\"products\\/dummy\\/camera-large.jpg\",\"products\\/dummy\\/camera-large.jpg\"]', '2020-06-16 10:15:20', '2020-06-16 10:15:20'),
(72, 'Camera 6', 'camera-6', 'Full Frame DSLR, with 18-55mm kit lens.', 115504, 'Lorem 6 ipsum dolor sit amet, consectetur adipisicing elit. Ipsum temporibus iusto ipsa, asperiores voluptas unde aspernatur praesentium in? Aliquam, dolore!', 0, 10, 'products/dummy/camera-large.jpg', '[\"products\\/dummy\\/camera-large.jpg\",\"products\\/dummy\\/camera-large.jpg\",\"products\\/dummy\\/camera-large.jpg\"]', '2020-06-16 10:15:20', '2020-06-16 10:15:20'),
(73, 'Camera 7', 'camera-7', 'Full Frame DSLR, with 18-55mm kit lens.', 199578, 'Lorem 7 ipsum dolor sit amet, consectetur adipisicing elit. Ipsum temporibus iusto ipsa, asperiores voluptas unde aspernatur praesentium in? Aliquam, dolore!', 1, 10, 'products/dummy/camera-large.jpg', '[\"products\\/dummy\\/camera-large.jpg\",\"products\\/dummy\\/camera-large.jpg\",\"products\\/dummy\\/camera-large.jpg\"]', '2020-06-16 10:15:20', '2020-06-16 10:15:20'),
(74, 'Camera 8', 'camera-8', 'Full Frame DSLR, with 18-55mm kit lens.', 148731, 'Lorem 8 ipsum dolor sit amet, consectetur adipisicing elit. Ipsum temporibus iusto ipsa, asperiores voluptas unde aspernatur praesentium in? Aliquam, dolore!', 0, 10, 'products/dummy/camera-large.jpg', '[\"products\\/dummy\\/camera-large.jpg\",\"products\\/dummy\\/camera-large.jpg\",\"products\\/dummy\\/camera-large.jpg\"]', '2020-06-16 10:15:20', '2020-06-16 10:15:20'),
(75, 'Camera 9', 'camera-9', 'Full Frame DSLR, with 18-55mm kit lens.', 91327, 'Lorem 9 ipsum dolor sit amet, consectetur adipisicing elit. Ipsum temporibus iusto ipsa, asperiores voluptas unde aspernatur praesentium in? Aliquam, dolore!', 0, 10, 'products/dummy/camera-large.jpg', '[\"products\\/dummy\\/camera-large.jpg\",\"products\\/dummy\\/camera-large.jpg\",\"products\\/dummy\\/camera-large.jpg\"]', '2020-06-16 10:15:20', '2020-06-16 10:15:20'),
(76, 'Appliance 1', 'appliance-1', 'Lorem ipsum dolor sit amet consectetur adipisicing elit. Perferendis, dolorum!', 103319, 'Lorem 1 ipsum dolor sit amet, consectetur adipisicing elit. Ipsum temporibus iusto ipsa, asperiores voluptas unde aspernatur praesentium in? Aliquam, dolore!', 0, 10, 'products/dummy/appliance-large.jpg', '[\"products\\/dummy\\/appliance-large.jpg\",\"products\\/dummy\\/appliance-large.jpg\",\"products\\/dummy\\/appliance-large.jpg\"]', '2020-06-16 10:15:20', '2020-06-16 10:15:20'),
(77, 'Appliance 2', 'appliance-2', 'Lorem ipsum dolor sit amet consectetur adipisicing elit. Perferendis, dolorum!', 84076, 'Lorem 2 ipsum dolor sit amet, consectetur adipisicing elit. Ipsum temporibus iusto ipsa, asperiores voluptas unde aspernatur praesentium in? Aliquam, dolore!', 0, 10, 'products/dummy/appliance-large.jpg', '[\"products\\/dummy\\/appliance-large.jpg\",\"products\\/dummy\\/appliance-large.jpg\",\"products\\/dummy\\/appliance-large.jpg\"]', '2020-06-16 10:15:20', '2020-06-16 10:15:20'),
(78, 'Appliance 3', 'appliance-3', 'Lorem ipsum dolor sit amet consectetur adipisicing elit. Perferendis, dolorum!', 108535, 'Lorem 3 ipsum dolor sit amet, consectetur adipisicing elit. Ipsum temporibus iusto ipsa, asperiores voluptas unde aspernatur praesentium in? Aliquam, dolore!', 0, 10, 'products/dummy/appliance-large.jpg', '[\"products\\/dummy\\/appliance-large.jpg\",\"products\\/dummy\\/appliance-large.jpg\",\"products\\/dummy\\/appliance-large.jpg\"]', '2020-06-16 10:15:20', '2020-06-16 10:15:20'),
(79, 'Appliance 4', 'appliance-4', 'Lorem ipsum dolor sit amet consectetur adipisicing elit. Perferendis, dolorum!', 149355, 'Lorem 4 ipsum dolor sit amet, consectetur adipisicing elit. Ipsum temporibus iusto ipsa, asperiores voluptas unde aspernatur praesentium in? Aliquam, dolore!', 0, 10, 'products/dummy/appliance-large.jpg', '[\"products\\/dummy\\/appliance-large.jpg\",\"products\\/dummy\\/appliance-large.jpg\",\"products\\/dummy\\/appliance-large.jpg\"]', '2020-06-16 10:15:20', '2020-06-16 10:15:20'),
(80, 'Appliance 5', 'appliance-5', 'Lorem ipsum dolor sit amet consectetur adipisicing elit. Perferendis, dolorum!', 125330, 'Lorem 5 ipsum dolor sit amet, consectetur adipisicing elit. Ipsum temporibus iusto ipsa, asperiores voluptas unde aspernatur praesentium in? Aliquam, dolore!', 1, 10, 'products/dummy/appliance-large.jpg', '[\"products\\/dummy\\/appliance-large.jpg\",\"products\\/dummy\\/appliance-large.jpg\",\"products\\/dummy\\/appliance-large.jpg\"]', '2020-06-16 10:15:20', '2020-06-16 10:15:20'),
(81, 'Appliance 6', 'appliance-6', 'Lorem ipsum dolor sit amet consectetur adipisicing elit. Perferendis, dolorum!', 81198, 'Lorem 6 ipsum dolor sit amet, consectetur adipisicing elit. Ipsum temporibus iusto ipsa, asperiores voluptas unde aspernatur praesentium in? Aliquam, dolore!', 0, 10, 'products/dummy/appliance-large.jpg', '[\"products\\/dummy\\/appliance-large.jpg\",\"products\\/dummy\\/appliance-large.jpg\",\"products\\/dummy\\/appliance-large.jpg\"]', '2020-06-16 10:15:20', '2020-06-16 10:15:20'),
(82, 'Appliance 7', 'appliance-7', 'Lorem ipsum dolor sit amet consectetur adipisicing elit. Perferendis, dolorum!', 126080, 'Lorem 7 ipsum dolor sit amet, consectetur adipisicing elit. Ipsum temporibus iusto ipsa, asperiores voluptas unde aspernatur praesentium in? Aliquam, dolore!', 0, 10, 'products/dummy/appliance-large.jpg', '[\"products\\/dummy\\/appliance-large.jpg\",\"products\\/dummy\\/appliance-large.jpg\",\"products\\/dummy\\/appliance-large.jpg\"]', '2020-06-16 10:15:20', '2020-06-16 10:15:20'),
(83, 'Appliance 8', 'appliance-8', 'Lorem ipsum dolor sit amet consectetur adipisicing elit. Perferendis, dolorum!', 119426, 'Lorem 8 ipsum dolor sit amet, consectetur adipisicing elit. Ipsum temporibus iusto ipsa, asperiores voluptas unde aspernatur praesentium in? Aliquam, dolore!', 0, 10, 'products/dummy/appliance-large.jpg', '[\"products\\/dummy\\/appliance-large.jpg\",\"products\\/dummy\\/appliance-large.jpg\",\"products\\/dummy\\/appliance-large.jpg\"]', '2020-06-16 10:15:20', '2020-06-16 10:15:20'),
(84, 'Appliance 9', 'appliance-9', 'Lorem ipsum dolor sit amet consectetur adipisicing elit. Perferendis, dolorum!', 103805, 'Lorem 9 ipsum dolor sit amet, consectetur adipisicing elit. Ipsum temporibus iusto ipsa, asperiores voluptas unde aspernatur praesentium in? Aliquam, dolore!', 0, 10, 'products/dummy/appliance-large.jpg', '[\"products\\/dummy\\/appliance-large.jpg\",\"products\\/dummy\\/appliance-large.jpg\",\"products\\/dummy\\/appliance-large.jpg\"]', '2020-06-16 10:15:20', '2020-06-16 10:15:20');

-- --------------------------------------------------------

--
-- Table structure for table `roles`
--

CREATE TABLE `roles` (
  `id` bigint(20) UNSIGNED NOT NULL,
  `name` varchar(255) COLLATE utf8mb4_unicode_ci NOT NULL,
  `display_name` varchar(255) COLLATE utf8mb4_unicode_ci NOT NULL,
  `created_at` timestamp NULL DEFAULT NULL,
  `updated_at` timestamp NULL DEFAULT NULL
) ENGINE=InnoDB DEFAULT CHARSET=utf8mb4 COLLATE=utf8mb4_unicode_ci;

--
-- Dumping data for table `roles`
--

INSERT INTO `roles` (`id`, `name`, `display_name`, `created_at`, `updated_at`) VALUES
(1, 'admin', 'Administrator', '2020-06-16 10:15:22', '2020-06-16 10:15:22'),
(2, 'user', 'Normal User', '2020-06-16 10:15:22', '2020-06-16 10:15:22'),
(3, 'adminweb', 'Admin Web', '2020-06-16 10:15:24', '2020-06-16 10:15:24');

-- --------------------------------------------------------

--
-- Table structure for table `settings`
--

CREATE TABLE `settings` (
  `id` int(10) UNSIGNED NOT NULL,
  `key` varchar(255) COLLATE utf8mb4_unicode_ci NOT NULL,
  `display_name` varchar(255) COLLATE utf8mb4_unicode_ci NOT NULL,
  `value` text COLLATE utf8mb4_unicode_ci DEFAULT NULL,
  `details` text COLLATE utf8mb4_unicode_ci DEFAULT NULL,
  `type` varchar(255) COLLATE utf8mb4_unicode_ci NOT NULL,
  `order` int(11) NOT NULL DEFAULT 1,
  `group` varchar(255) COLLATE utf8mb4_unicode_ci DEFAULT NULL
) ENGINE=InnoDB DEFAULT CHARSET=utf8mb4 COLLATE=utf8mb4_unicode_ci;

--
-- Dumping data for table `settings`
--

INSERT INTO `settings` (`id`, `key`, `display_name`, `value`, `details`, `type`, `order`, `group`) VALUES
(1, 'site.title', 'Site Title', 'Site Title', '', 'text', 1, 'Site'),
(2, 'site.description', 'Site Description', 'Site Description', '', 'text', 2, 'Site'),
(3, 'site.logo', 'Site Logo', '', '', 'image', 3, 'Site'),
(4, 'site.google_analytics_tracking_id', 'Google Analytics Tracking ID', '', '', 'text', 4, 'Site'),
(5, 'admin.bg_image', 'Admin Background Image', '', '', 'image', 5, 'Admin'),
(6, 'admin.title', 'Admin Title', 'Voyager', '', 'text', 1, 'Admin'),
(7, 'admin.description', 'Admin Description', 'Welcome to Voyager. The Missing Admin for Laravel', '', 'text', 2, 'Admin'),
(8, 'admin.loader', 'Admin Loader', '', '', 'image', 3, 'Admin'),
(9, 'admin.icon_image', 'Admin Icon Image', '', '', 'image', 4, 'Admin'),
(10, 'admin.google_analytics_client_id', 'Google Analytics Client ID (used for admin dashboard)', '', '', 'text', 1, 'Admin'),
(11, 'site.stock_threshold', 'Stock Threshold', '5', '', 'text', 6, 'Site');

-- --------------------------------------------------------

--
-- Table structure for table `translations`
--

CREATE TABLE `translations` (
  `id` int(10) UNSIGNED NOT NULL,
  `table_name` varchar(255) COLLATE utf8mb4_unicode_ci NOT NULL,
  `column_name` varchar(255) COLLATE utf8mb4_unicode_ci NOT NULL,
  `foreign_key` int(10) UNSIGNED NOT NULL,
  `locale` varchar(255) COLLATE utf8mb4_unicode_ci NOT NULL,
  `value` text COLLATE utf8mb4_unicode_ci NOT NULL,
  `created_at` timestamp NULL DEFAULT NULL,
  `updated_at` timestamp NULL DEFAULT NULL
) ENGINE=InnoDB DEFAULT CHARSET=utf8mb4 COLLATE=utf8mb4_unicode_ci;

--
-- Dumping data for table `translations`
--

INSERT INTO `translations` (`id`, `table_name`, `column_name`, `foreign_key`, `locale`, `value`, `created_at`, `updated_at`) VALUES
(1, 'data_types', 'display_name_singular', 1, 'pt', 'Post', '2020-06-16 10:15:23', '2020-06-16 10:15:23'),
(2, 'data_types', 'display_name_singular', 2, 'pt', 'Página', '2020-06-16 10:15:23', '2020-06-16 10:15:23'),
(3, 'data_types', 'display_name_singular', 3, 'pt', 'Utilizador', '2020-06-16 10:15:23', '2020-06-16 10:15:23'),
(4, 'data_types', 'display_name_singular', 4, 'pt', 'Categoria', '2020-06-16 10:15:23', '2020-06-16 10:15:23'),
(5, 'data_types', 'display_name_singular', 5, 'pt', 'Menu', '2020-06-16 10:15:23', '2020-06-16 10:15:23'),
(6, 'data_types', 'display_name_singular', 6, 'pt', 'Função', '2020-06-16 10:15:23', '2020-06-16 10:15:23'),
(7, 'data_types', 'display_name_plural', 1, 'pt', 'Posts', '2020-06-16 10:15:23', '2020-06-16 10:15:23'),
(8, 'data_types', 'display_name_plural', 2, 'pt', 'Páginas', '2020-06-16 10:15:23', '2020-06-16 10:15:23'),
(9, 'data_types', 'display_name_plural', 3, 'pt', 'Utilizadores', '2020-06-16 10:15:23', '2020-06-16 10:15:23'),
(10, 'data_types', 'display_name_plural', 4, 'pt', 'Categorias', '2020-06-16 10:15:23', '2020-06-16 10:15:23'),
(11, 'data_types', 'display_name_plural', 5, 'pt', 'Menus', '2020-06-16 10:15:23', '2020-06-16 10:15:23'),
(12, 'data_types', 'display_name_plural', 6, 'pt', 'Funções', '2020-06-16 10:15:23', '2020-06-16 10:15:23'),
(13, 'categories', 'slug', 1, 'pt', 'categoria-1', '2020-06-16 10:15:23', '2020-06-16 10:15:23'),
(14, 'categories', 'name', 1, 'pt', 'Categoria 1', '2020-06-16 10:15:23', '2020-06-16 10:15:23'),
(15, 'categories', 'slug', 2, 'pt', 'categoria-2', '2020-06-16 10:15:23', '2020-06-16 10:15:23'),
(16, 'categories', 'name', 2, 'pt', 'Categoria 2', '2020-06-16 10:15:23', '2020-06-16 10:15:23'),
(17, 'pages', 'title', 1, 'pt', 'Olá Mundo', '2020-06-16 10:15:23', '2020-06-16 10:15:23'),
(18, 'pages', 'slug', 1, 'pt', 'ola-mundo', '2020-06-16 10:15:23', '2020-06-16 10:15:23'),
(19, 'pages', 'body', 1, 'pt', '<p>Olá Mundo. Scallywag grog swab Cat o\'nine tails scuttle rigging hardtack cable nipper Yellow Jack. Handsomely spirits knave lad killick landlubber or just lubber deadlights chantey pinnace crack Jennys tea cup. Provost long clothes black spot Yellow Jack bilged on her anchor league lateen sail case shot lee tackle.</p>\r\n<p>Ballast spirits fluke topmast me quarterdeck schooner landlubber or just lubber gabion belaying pin. Pinnace stern galleon starboard warp carouser to go on account dance the hempen jig jolly boat measured fer yer chains. Man-of-war fire in the hole nipperkin handsomely doubloon barkadeer Brethren of the Coast gibbet driver squiffy.</p>', '2020-06-16 10:15:23', '2020-06-16 10:15:23'),
(20, 'menu_items', 'title', 1, 'pt', 'Painel de Controle', '2020-06-16 10:15:23', '2020-06-16 10:15:23'),
(21, 'menu_items', 'title', 2, 'pt', 'Media', '2020-06-16 10:15:23', '2020-06-16 10:15:23'),
(22, 'menu_items', 'title', 3, 'pt', 'Publicações', '2020-06-16 10:15:23', '2020-06-16 10:15:23'),
(23, 'menu_items', 'title', 4, 'pt', 'Utilizadores', '2020-06-16 10:15:23', '2020-06-16 10:15:23'),
(24, 'menu_items', 'title', 5, 'pt', 'Categorias', '2020-06-16 10:15:23', '2020-06-16 10:15:23'),
(25, 'menu_items', 'title', 6, 'pt', 'Páginas', '2020-06-16 10:15:23', '2020-06-16 10:15:23'),
(26, 'menu_items', 'title', 7, 'pt', 'Funções', '2020-06-16 10:15:23', '2020-06-16 10:15:23'),
(27, 'menu_items', 'title', 8, 'pt', 'Ferramentas', '2020-06-16 10:15:23', '2020-06-16 10:15:23'),
(28, 'menu_items', 'title', 9, 'pt', 'Menus', '2020-06-16 10:15:23', '2020-06-16 10:15:23'),
(29, 'menu_items', 'title', 10, 'pt', 'Base de dados', '2020-06-16 10:15:23', '2020-06-16 10:15:23'),
(30, 'menu_items', 'title', 12, 'pt', 'Configurações', '2020-06-16 10:15:23', '2020-06-16 10:15:23');

-- --------------------------------------------------------

--
-- Table structure for table `users`
--

CREATE TABLE `users` (
  `id` int(10) UNSIGNED NOT NULL,
  `role_id` bigint(20) UNSIGNED DEFAULT NULL,
  `name` varchar(255) COLLATE utf8mb4_unicode_ci NOT NULL,
  `email` varchar(255) COLLATE utf8mb4_unicode_ci NOT NULL,
  `avatar` varchar(255) COLLATE utf8mb4_unicode_ci DEFAULT 'users/default.png',
  `password` varchar(255) COLLATE utf8mb4_unicode_ci NOT NULL,
  `remember_token` varchar(100) COLLATE utf8mb4_unicode_ci DEFAULT NULL,
  `settings` text COLLATE utf8mb4_unicode_ci DEFAULT NULL,
  `created_at` timestamp NULL DEFAULT NULL,
  `updated_at` timestamp NULL DEFAULT NULL
) ENGINE=InnoDB DEFAULT CHARSET=utf8mb4 COLLATE=utf8mb4_unicode_ci;

--
-- Dumping data for table `users`
--

INSERT INTO `users` (`id`, `role_id`, `name`, `email`, `avatar`, `password`, `remember_token`, `settings`, `created_at`, `updated_at`) VALUES
(1, 1, 'Admin', 'admin@admin.com', 'users/default.png', '$2y$10$BOemZyUNC2NLTN66RmnRBeeSwLc9kRTEc97pN5JCJ/D5L3hicsZxO', 'f9FD8LCZDULOn3M4TnqCvNtHt7hi9C7fgD7GSDpj2pdomAQP9L6y4y8V8cG2', NULL, '2020-06-16 10:15:23', '2020-06-16 10:15:23'),
(2, 3, 'Admin Web', 'adminweb@adminweb.com', 'users/default.png', '$2y$10$PLWkRVOMf.E1JtYvWK2Gfubnvvt0Wp1sTq3ywUV9D5pAxJZwQw2/a', '09DMC3CdCviuXQG20ZrHw7hSL5P0T2ZluBxW2nkIqswCalXdR563v3Szart6', NULL, '2020-06-16 10:15:25', '2020-06-16 10:15:25'),
(3, 2, 'test user', 'testuser123@gmail.com', 'users/default.png', '$2y$10$9rWktGdoz8xIs0JctvVHoeOOKBFPwdShUlf/0Vb2sfi7fcALB2nhi', NULL, NULL, '2020-06-16 13:22:57', '2020-06-16 13:22:57'),
(4, 2, 'shubham jain', 'jainshubham039@gmail.com', 'users/default.png', '$2y$10$MAlkXiJfJQWTAnY89VSBd.W127Fh2zUmbb0vIR/iMA2WqTR8EhnRq', NULL, NULL, '2020-06-17 10:23:35', '2020-06-17 10:23:35'),
(5, 2, 'demo user', 'demo_user@gmail.com', 'users/default.png', '$2y$10$MTmyW6lJh.Hk7vjBKwHfxOxOVa2dWj9m2UjE2sdpne0rVbHEJYri6', NULL, NULL, '2020-06-17 13:33:34', '2020-06-17 13:33:34');

-- --------------------------------------------------------

--
-- Table structure for table `user_roles`
--

CREATE TABLE `user_roles` (
  `user_id` int(10) UNSIGNED NOT NULL,
  `role_id` bigint(20) UNSIGNED NOT NULL
) ENGINE=InnoDB DEFAULT CHARSET=utf8mb4 COLLATE=utf8mb4_unicode_ci;

--
-- Indexes for dumped tables
--

--
-- Indexes for table `categories`
--
ALTER TABLE `categories`
  ADD PRIMARY KEY (`id`),
  ADD UNIQUE KEY `categories_slug_unique` (`slug`),
  ADD KEY `categories_parent_id_foreign` (`parent_id`);

--
-- Indexes for table `category`
--
ALTER TABLE `category`
  ADD PRIMARY KEY (`id`),
  ADD UNIQUE KEY `category_name_unique` (`name`),
  ADD UNIQUE KEY `category_slug_unique` (`slug`);

--
-- Indexes for table `category_product`
--
ALTER TABLE `category_product`
  ADD PRIMARY KEY (`id`),
  ADD KEY `category_product_product_id_foreign` (`product_id`),
  ADD KEY `category_product_category_id_foreign` (`category_id`);

--
-- Indexes for table `coupons`
--
ALTER TABLE `coupons`
  ADD PRIMARY KEY (`id`),
  ADD UNIQUE KEY `coupons_code_unique` (`code`);

--
-- Indexes for table `data_rows`
--
ALTER TABLE `data_rows`
  ADD PRIMARY KEY (`id`),
  ADD KEY `data_rows_data_type_id_foreign` (`data_type_id`);

--
-- Indexes for table `data_types`
--
ALTER TABLE `data_types`
  ADD PRIMARY KEY (`id`),
  ADD UNIQUE KEY `data_types_name_unique` (`name`),
  ADD UNIQUE KEY `data_types_slug_unique` (`slug`);

--
-- Indexes for table `menus`
--
ALTER TABLE `menus`
  ADD PRIMARY KEY (`id`),
  ADD UNIQUE KEY `menus_name_unique` (`name`);

--
-- Indexes for table `menu_items`
--
ALTER TABLE `menu_items`
  ADD PRIMARY KEY (`id`),
  ADD KEY `menu_items_menu_id_foreign` (`menu_id`);

--
-- Indexes for table `migrations`
--
ALTER TABLE `migrations`
  ADD PRIMARY KEY (`id`);

--
-- Indexes for table `orders`
--
ALTER TABLE `orders`
  ADD PRIMARY KEY (`id`),
  ADD KEY `orders_user_id_foreign` (`user_id`);

--
-- Indexes for table `order_product`
--
ALTER TABLE `order_product`
  ADD PRIMARY KEY (`id`),
  ADD KEY `order_product_order_id_foreign` (`order_id`),
  ADD KEY `order_product_product_id_foreign` (`product_id`);

--
-- Indexes for table `pages`
--
ALTER TABLE `pages`
  ADD PRIMARY KEY (`id`),
  ADD UNIQUE KEY `pages_slug_unique` (`slug`);

--
-- Indexes for table `password_resets`
--
ALTER TABLE `password_resets`
  ADD KEY `password_resets_email_index` (`email`);

--
-- Indexes for table `permissions`
--
ALTER TABLE `permissions`
  ADD PRIMARY KEY (`id`),
  ADD KEY `permissions_key_index` (`key`);

--
-- Indexes for table `permission_groups`
--
ALTER TABLE `permission_groups`
  ADD PRIMARY KEY (`id`),
  ADD UNIQUE KEY `permission_groups_name_unique` (`name`);

--
-- Indexes for table `permission_role`
--
ALTER TABLE `permission_role`
  ADD PRIMARY KEY (`permission_id`,`role_id`),
  ADD KEY `permission_role_permission_id_index` (`permission_id`),
  ADD KEY `permission_role_role_id_index` (`role_id`);

--
-- Indexes for table `posts`
--
ALTER TABLE `posts`
  ADD PRIMARY KEY (`id`),
  ADD UNIQUE KEY `posts_slug_unique` (`slug`);

--
-- Indexes for table `products`
--
ALTER TABLE `products`
  ADD PRIMARY KEY (`id`),
  ADD UNIQUE KEY `products_name_unique` (`name`),
  ADD UNIQUE KEY `products_slug_unique` (`slug`);

--
-- Indexes for table `roles`
--
ALTER TABLE `roles`
  ADD PRIMARY KEY (`id`),
  ADD UNIQUE KEY `roles_name_unique` (`name`);

--
-- Indexes for table `settings`
--
ALTER TABLE `settings`
  ADD PRIMARY KEY (`id`),
  ADD UNIQUE KEY `settings_key_unique` (`key`);

--
-- Indexes for table `translations`
--
ALTER TABLE `translations`
  ADD PRIMARY KEY (`id`),
  ADD UNIQUE KEY `translations_table_name_column_name_foreign_key_locale_unique` (`table_name`,`column_name`,`foreign_key`,`locale`);

--
-- Indexes for table `users`
--
ALTER TABLE `users`
  ADD PRIMARY KEY (`id`),
  ADD UNIQUE KEY `users_email_unique` (`email`),
  ADD KEY `users_role_id_foreign` (`role_id`);

--
-- Indexes for table `user_roles`
--
ALTER TABLE `user_roles`
  ADD PRIMARY KEY (`user_id`,`role_id`),
  ADD KEY `user_roles_user_id_index` (`user_id`),
  ADD KEY `user_roles_role_id_index` (`role_id`);

--
-- AUTO_INCREMENT for dumped tables
--

--
-- AUTO_INCREMENT for table `categories`
--
ALTER TABLE `categories`
  MODIFY `id` int(10) UNSIGNED NOT NULL AUTO_INCREMENT, AUTO_INCREMENT=3;

--
-- AUTO_INCREMENT for table `category`
--
ALTER TABLE `category`
  MODIFY `id` int(10) UNSIGNED NOT NULL AUTO_INCREMENT, AUTO_INCREMENT=8;

--
-- AUTO_INCREMENT for table `category_product`
--
ALTER TABLE `category_product`
  MODIFY `id` int(10) UNSIGNED NOT NULL AUTO_INCREMENT, AUTO_INCREMENT=113;

--
-- AUTO_INCREMENT for table `coupons`
--
ALTER TABLE `coupons`
  MODIFY `id` int(10) UNSIGNED NOT NULL AUTO_INCREMENT, AUTO_INCREMENT=3;

--
-- AUTO_INCREMENT for table `data_rows`
--
ALTER TABLE `data_rows`
  MODIFY `id` int(10) UNSIGNED NOT NULL AUTO_INCREMENT, AUTO_INCREMENT=104;

--
-- AUTO_INCREMENT for table `data_types`
--
ALTER TABLE `data_types`
  MODIFY `id` int(10) UNSIGNED NOT NULL AUTO_INCREMENT, AUTO_INCREMENT=12;

--
-- AUTO_INCREMENT for table `menus`
--
ALTER TABLE `menus`
  MODIFY `id` int(10) UNSIGNED NOT NULL AUTO_INCREMENT, AUTO_INCREMENT=4;

--
-- AUTO_INCREMENT for table `menu_items`
--
ALTER TABLE `menu_items`
  MODIFY `id` int(10) UNSIGNED NOT NULL AUTO_INCREMENT, AUTO_INCREMENT=26;

--
-- AUTO_INCREMENT for table `migrations`
--
ALTER TABLE `migrations`
  MODIFY `id` int(10) UNSIGNED NOT NULL AUTO_INCREMENT, AUTO_INCREMENT=40;

--
-- AUTO_INCREMENT for table `orders`
--
ALTER TABLE `orders`
  MODIFY `id` int(10) UNSIGNED NOT NULL AUTO_INCREMENT, AUTO_INCREMENT=4;

--
-- AUTO_INCREMENT for table `order_product`
--
ALTER TABLE `order_product`
  MODIFY `id` int(10) UNSIGNED NOT NULL AUTO_INCREMENT, AUTO_INCREMENT=7;

--
-- AUTO_INCREMENT for table `pages`
--
ALTER TABLE `pages`
  MODIFY `id` int(10) UNSIGNED NOT NULL AUTO_INCREMENT, AUTO_INCREMENT=2;

--
-- AUTO_INCREMENT for table `permissions`
--
ALTER TABLE `permissions`
  MODIFY `id` int(10) UNSIGNED NOT NULL AUTO_INCREMENT, AUTO_INCREMENT=66;

--
-- AUTO_INCREMENT for table `permission_groups`
--
ALTER TABLE `permission_groups`
  MODIFY `id` int(10) UNSIGNED NOT NULL AUTO_INCREMENT;

--
-- AUTO_INCREMENT for table `posts`
--
ALTER TABLE `posts`
  MODIFY `id` int(10) UNSIGNED NOT NULL AUTO_INCREMENT, AUTO_INCREMENT=5;

--
-- AUTO_INCREMENT for table `products`
--
ALTER TABLE `products`
  MODIFY `id` int(10) UNSIGNED NOT NULL AUTO_INCREMENT, AUTO_INCREMENT=85;

--
-- AUTO_INCREMENT for table `roles`
--
ALTER TABLE `roles`
  MODIFY `id` bigint(20) UNSIGNED NOT NULL AUTO_INCREMENT, AUTO_INCREMENT=4;

--
-- AUTO_INCREMENT for table `settings`
--
ALTER TABLE `settings`
  MODIFY `id` int(10) UNSIGNED NOT NULL AUTO_INCREMENT, AUTO_INCREMENT=12;

--
-- AUTO_INCREMENT for table `translations`
--
ALTER TABLE `translations`
  MODIFY `id` int(10) UNSIGNED NOT NULL AUTO_INCREMENT, AUTO_INCREMENT=31;

--
-- AUTO_INCREMENT for table `users`
--
ALTER TABLE `users`
  MODIFY `id` int(10) UNSIGNED NOT NULL AUTO_INCREMENT, AUTO_INCREMENT=6;

--
-- Constraints for dumped tables
--

--
-- Constraints for table `categories`
--
ALTER TABLE `categories`
  ADD CONSTRAINT `categories_parent_id_foreign` FOREIGN KEY (`parent_id`) REFERENCES `categories` (`id`) ON DELETE SET NULL ON UPDATE CASCADE;

--
-- Constraints for table `category_product`
--
ALTER TABLE `category_product`
  ADD CONSTRAINT `category_product_category_id_foreign` FOREIGN KEY (`category_id`) REFERENCES `category` (`id`) ON DELETE CASCADE,
  ADD CONSTRAINT `category_product_product_id_foreign` FOREIGN KEY (`product_id`) REFERENCES `products` (`id`) ON DELETE CASCADE;

--
-- Constraints for table `data_rows`
--
ALTER TABLE `data_rows`
  ADD CONSTRAINT `data_rows_data_type_id_foreign` FOREIGN KEY (`data_type_id`) REFERENCES `data_types` (`id`) ON DELETE CASCADE ON UPDATE CASCADE;

--
-- Constraints for table `menu_items`
--
ALTER TABLE `menu_items`
  ADD CONSTRAINT `menu_items_menu_id_foreign` FOREIGN KEY (`menu_id`) REFERENCES `menus` (`id`) ON DELETE CASCADE;

--
-- Constraints for table `orders`
--
ALTER TABLE `orders`
  ADD CONSTRAINT `orders_user_id_foreign` FOREIGN KEY (`user_id`) REFERENCES `users` (`id`) ON DELETE SET NULL ON UPDATE CASCADE;

--
-- Constraints for table `order_product`
--
ALTER TABLE `order_product`
  ADD CONSTRAINT `order_product_order_id_foreign` FOREIGN KEY (`order_id`) REFERENCES `orders` (`id`) ON DELETE SET NULL ON UPDATE CASCADE,
  ADD CONSTRAINT `order_product_product_id_foreign` FOREIGN KEY (`product_id`) REFERENCES `products` (`id`) ON DELETE SET NULL ON UPDATE CASCADE;

--
-- Constraints for table `permission_role`
--
ALTER TABLE `permission_role`
  ADD CONSTRAINT `permission_role_permission_id_foreign` FOREIGN KEY (`permission_id`) REFERENCES `permissions` (`id`) ON DELETE CASCADE,
  ADD CONSTRAINT `permission_role_role_id_foreign` FOREIGN KEY (`role_id`) REFERENCES `roles` (`id`) ON DELETE CASCADE;

--
-- Constraints for table `users`
--
ALTER TABLE `users`
  ADD CONSTRAINT `users_role_id_foreign` FOREIGN KEY (`role_id`) REFERENCES `roles` (`id`);

--
-- Constraints for table `user_roles`
--
ALTER TABLE `user_roles`
  ADD CONSTRAINT `user_roles_role_id_foreign` FOREIGN KEY (`role_id`) REFERENCES `roles` (`id`) ON DELETE CASCADE,
  ADD CONSTRAINT `user_roles_user_id_foreign` FOREIGN KEY (`user_id`) REFERENCES `users` (`id`) ON DELETE CASCADE;
COMMIT;

/*!40101 SET CHARACTER_SET_CLIENT=@OLD_CHARACTER_SET_CLIENT */;
/*!40101 SET CHARACTER_SET_RESULTS=@OLD_CHARACTER_SET_RESULTS */;
/*!40101 SET COLLATION_CONNECTION=@OLD_COLLATION_CONNECTION */;
